"","COSMIC_ID","Cell_line_name","Cell_line_tissue_type","Cell_line_tissue_type_2","LN_IC50","most_sensitive","least_sensitive"
"1",683667,"PFSK-1","nervous_system","medulloblastoma",-4.46108436,0,0
"2",684057,"ES5","bone","ewings_sarcoma",-6.61541947,1,0
"3",684059,"ES7","bone","ewings_sarcoma",-7.4028317,1,0
"4",684062,"EW-11","bone","ewings_sarcoma",-6.04818663,1,0
"5",684072,"SK-ES-1","bone","ewings_sarcoma",-6.4905947,1,0
"6",684681,"NCI-H1395","lung_NSCLC","lung_NSCLC_adenocarcinoma",-2.53654581,0,1
"7",687452,"5637","urogenital_system","Bladder",-5.81069818,1,0
"8",687455,"RT4","urogenital_system","Bladder",-3.87124093,0,0
"9",687457,"SW780","urogenital_system","Bladder",-3.71212462,0,0
"10",687505,"C-33-A","urogenital_system","cervix",-6.3795971,1,0
"11",687506,"C-4-I","urogenital_system","cervix",-3.93768114,0,0
"12",687514,"ME-180","urogenital_system","cervix",-5.90193646,1,0
"13",687561,"42-MG-BA","nervous_system","glioma",-5.319114,1,0
"14",687562,"8-MG-BA","nervous_system","glioma",-6.31824609,1,0
"15",687568,"GB-1","nervous_system","glioma",-5.24840272,1,0
"16",687586,"T98G","nervous_system","glioma",-3.91287879,0,0
"17",687588,"U-118-MG","nervous_system","glioma",-4.04602556,0,0
"18",687590,"U-87-MG","nervous_system","glioma",-4.89649574,1,0
"19",687592,"YKG-1","nervous_system","glioma",-5.36044067,1,0
"20",687600,"NCI-H720","lung_NSCLC","lung_NSCLC_carcinoid",-1.90042786,0,1
"21",687777,"Calu-3","lung_NSCLC","lung_NSCLC_adenocarcinoma",-3.86840019,0,0
"22",687780,"COR-L23","lung_NSCLC","lung_NSCLC_large cell",-4.93701215,1,0
"23",687787,"LK-2","lung_NSCLC","lung_NSCLC_squamous_cell_carcinoma",-3.49889003,0,0
"24",687798,"NCI-H1623","lung_NSCLC","lung_NSCLC_adenocarcinoma",-6.32847817,1,0
"25",687799,"NCI-H1648","lung_NSCLC","lung_NSCLC_adenocarcinoma",-3.1511625,0,1
"26",687802,"NCI-H1693","lung_NSCLC","lung_NSCLC_adenocarcinoma",-4.07285429,0,0
"27",687804,"NCI-H1770","lung_NSCLC","lung_NSCLC_not specified",-1.09910363,0,1
"28",687807,"NCI-H1838","lung_NSCLC","lung_NSCLC_adenocarcinoma",-1.75168548,0,1
"29",687819,"NCI-H2342","lung_NSCLC","lung_NSCLC_adenocarcinoma",-1.96216472,0,1
"30",687820,"NCI-H2347","lung_NSCLC","lung_NSCLC_adenocarcinoma",-2.06768399,0,1
"31",687821,"NCI-H2405","lung_NSCLC","lung_NSCLC_adenocarcinoma",-2.91845123,0,1
"32",687829,"NCI-H661","lung_NSCLC","lung_NSCLC_large cell",-3.5359184,0,0
"33",687983,"DMS-114","lung_SCLC","lung_small_cell_carcinoma",-2.70488035,0,1
"34",687985,"DMS-273","lung_SCLC","lung_small_cell_carcinoma",-5.02886006,1,0
"35",687995,"NCI-H1048","lung_SCLC","lung_small_cell_carcinoma",-6.78001466,1,0
"36",687997,"NCI-H1092","lung_SCLC","lung_small_cell_carcinoma",-1.5393942,0,1
"37",688001,"NCI-H1417","lung_SCLC","lung_small_cell_carcinoma",-6.93410238,1,0
"38",688006,"NCI-H1694","lung_SCLC","lung_small_cell_carcinoma",-5.95579958,1,0
"39",688007,"NCI-H187","lung_SCLC","lung_small_cell_carcinoma",-6.47473482,1,0
"40",688010,"NCI-H1963","lung_SCLC","lung_small_cell_carcinoma",-2.40448088,0,1
"41",688011,"NCI-H2029","lung_SCLC","lung_small_cell_carcinoma",-2.33588766,0,1
"42",688013,"NCI-H209","lung_SCLC","lung_small_cell_carcinoma",-8.22923694,1,0
"43",688014,"NCI-H2141","lung_SCLC","lung_small_cell_carcinoma",-2.01054245,0,1
"44",688018,"NCI-H2227","lung_SCLC","lung_small_cell_carcinoma",-5.85098142,1,0
"45",688021,"NCI-H345","lung_SCLC","lung_small_cell_carcinoma",-2.25820882,0,1
"46",688023,"NCI-H446","lung_SCLC","lung_small_cell_carcinoma",-4.09700768,0,0
"47",688025,"NCI-H526","lung_SCLC","lung_small_cell_carcinoma",-6.81305388,1,0
"48",688026,"NCI-H64","lung_SCLC","lung_small_cell_carcinoma",-1.89954002,0,1
"49",688027,"NCI-H69","lung_SCLC","lung_small_cell_carcinoma",-1.68666417,0,1
"50",688031,"NCI-H82","lung_SCLC","lung_small_cell_carcinoma",-4.25416008,0,0
"51",688058,"NCI-H2052","lung","mesothelioma",-3.64447589,0,0
"52",688086,"SK-N-DZ","neuroblastoma","neuroblastoma",-4.03931942,0,0
"53",688087,"SK-N-FI","neuroblastoma","neuroblastoma",-2.89645959,0,1
"54",688121,"VA-ES-BJ","soft_tissue","soft_tissue_other",-5.66040598,1,0
"55",713869,"VMRC-LCD","lung_NSCLC","lung_NSCLC_adenocarcinoma",-2.1809406,0,1
"56",713878,"LU-139","lung_SCLC","lung_small_cell_carcinoma",-4.1064714,0,0
"57",713880,"SBC-5","lung_SCLC","lung_small_cell_carcinoma",-4.36730936,0,0
"58",713885,"SBC-1","lung_SCLC","lung_small_cell_carcinoma",-1.93062435,0,1
"59",713899,"LU-135","lung_SCLC","lung_small_cell_carcinoma",-5.0924955,1,0
"60",717431,"SK-N-SH","neuroblastoma","neuroblastoma",-6.58477287,1,0
"61",722046,"NCI-H2122","lung_NSCLC","lung_NSCLC_adenocarcinoma",-4.42436795,0,0
"62",722058,"NCI-H1734","lung_NSCLC","lung_NSCLC_adenocarcinoma",-5.63746839,1,0
"63",722066,"NCI-H650","lung_NSCLC","lung_NSCLC_adenocarcinoma",-3.41502332,0,0
"64",724828,"SK-N-AS","neuroblastoma","neuroblastoma",-4.23582648,0,0
"65",724834,"NCI-H2087","lung_NSCLC","lung_NSCLC_adenocarcinoma",-5.19203688,1,0
"66",724838,"UM-UC-3","urogenital_system","Bladder",-5.07008174,1,0
"67",724839,"SW756","urogenital_system","cervix",-5.29497825,1,0
"68",724855,"NCI-H727","lung_NSCLC","lung_NSCLC_carcinoid",-0.71396443,0,1
"69",724859,"Calu-6","lung_NSCLC","lung_NSCLC_adenocarcinoma",-1.90699062,0,1
"70",724863,"LU-65","lung_NSCLC","lung_NSCLC_large cell",1.02230722,0,1
"71",724868,"NCI-H1792","lung_NSCLC","lung_NSCLC_adenocarcinoma",-3.38957804,0,0
"72",724870,"MIA-PaCa-2","pancreas","pancreas",-5.77209541,1,0
"73",724872,"SHP-77","lung_SCLC","lung_small_cell_carcinoma",-1.1035668,0,1
"74",724873,"NCI-H2009","lung_NSCLC","lung_NSCLC_adenocarcinoma",-5.02751151,1,0
"75",724874,"NCI-H2291","lung_NSCLC","lung_NSCLC_adenocarcinoma",-0.85783297,0,1
"76",724878,"SW1573","lung_NSCLC","lung_NSCLC_adenocarcinoma",-5.85895941,1,0
"77",735784,"TE-5","aero_dig_tract","oesophagus",-4.70728957,0,0
"78",749709,"HCC1954","breast","breast",-0.21876041,0,1
"79",749710,"HCC1143","breast","breast",-1.93669734,0,1
"80",749711,"HCC1187","breast","breast",-2.29173437,0,1
"81",749712,"HCC1395","breast","breast",-2.84862353,0,1
"82",749714,"HCC1937","breast","breast",-2.80742712,0,1
"83",749715,"HCC2157","breast","breast",-4.98581411,1,0
"84",749716,"HCC2218","breast","breast",-0.21506007,0,1
"85",749717,"HCC38","breast","breast",-4.54500234,0,0
"86",753531,"BB30-HNC","aero_dig_tract","head and neck",-5.56114177,1,0
"87",753532,"BB49-HNC","aero_dig_tract","head and neck",-2.18082733,0,1
"88",753533,"BB65-RCC","kidney","kidney",-5.85440251,1,0
"89",753538,"Ca9-22","aero_dig_tract","head and neck",-5.53005131,1,0
"90",753539,"CADO-ES1","bone","ewings_sarcoma",-4.8027792,1,0
"91",753540,"CAL-12T","lung_NSCLC","lung_NSCLC_not specified",-1.63683464,0,1
"92",753541,"CAL-33","aero_dig_tract","head and neck",-5.85877335,1,0
"93",753545,"CP50-MEL-B","skin","melanoma",-3.15169339,0,0
"94",753546,"CP66-MEL","skin","melanoma",-1.70911242,0,1
"95",753547,"CPC-N","lung_SCLC","lung_small_cell_carcinoma",-3.97896111,0,0
"96",753549,"D-542MG","nervous_system","glioma",0.69178463,0,1
"97",753551,"DMS-79","lung_SCLC","lung_small_cell_carcinoma",-4.28941059,0,0
"98",753552,"DSH1","urogenital_system","Bladder",-4.10469046,0,0
"99",753554,"EBC-1","lung_NSCLC","lung_NSCLC_squamous_cell_carcinoma",-6.63088871,1,0
"100",753555,"EC-GI-10","aero_dig_tract","oesophagus",-4.80584451,1,0
"101",753556,"EPLC-272H","lung_NSCLC","lung_NSCLC_squamous_cell_carcinoma",-2.48410395,0,1
"102",753558,"HA7-RCC","kidney","kidney",-5.21495938,1,0
"103",753561,"HO-1-u-1","aero_dig_tract","head and neck",-4.56700512,0,0
"104",753562,"HSC-2","aero_dig_tract","head and neck",-4.43341463,0,0
"105",753564,"IST-SL1","lung_SCLC","lung_small_cell_carcinoma",-3.93727447,0,0
"106",753565,"IST-SL2","lung_SCLC","lung_small_cell_carcinoma",-5.508825,1,0
"107",753569,"KNS-62","lung_NSCLC","lung_NSCLC_squamous_cell_carcinoma",-4.81388958,1,0
"108",753573,"KYSE-140","aero_dig_tract","oesophagus",-2.30204717,0,1
"109",753574,"KYSE-410","aero_dig_tract","oesophagus",-3.64068591,0,0
"110",753575,"KYSE-520","aero_dig_tract","oesophagus",-2.92689247,0,1
"111",753576,"KYSE-70","aero_dig_tract","oesophagus",-2.89570262,0,1
"112",753577,"LB1047-RCC","kidney","kidney",-4.62751948,0,0
"113",753578,"LB2241-RCC","kidney","kidney",-5.70718026,1,0
"114",753579,"LB2518-MEL","skin","melanoma",-1.48332909,0,1
"115",753581,"LB373-MEL-D","skin","melanoma",-1.1686329,0,1
"116",753582,"LB647-SCLC","lung_SCLC","lung_small_cell_carcinoma",-2.69478985,0,1
"117",753584,"LB831-BLC","urogenital_system","Bladder",-3.99821915,0,0
"118",753586,"LCLC-103H","lung_NSCLC","lung_NSCLC_large cell",-4.85456275,1,0
"119",753588,"LU-134-A","lung_SCLC","lung_small_cell_carcinoma",-6.15125358,1,0
"120",753589,"LU-165","lung_SCLC","lung_small_cell_carcinoma",0.69247582,0,1
"121",753592,"LXF-289","lung_NSCLC","lung_NSCLC_adenocarcinoma",-4.24162725,0,0
"122",753594,"MS-1","lung_SCLC","lung_small_cell_carcinoma",-2.49571715,0,1
"123",753595,"MZ1-PC","pancreas","pancreas",-4.35626568,0,0
"124",753599,"NCI-H1304","lung_SCLC","lung_small_cell_carcinoma",-1.23025642,0,1
"125",753600,"NCI-H1563","lung_NSCLC","lung_NSCLC_adenocarcinoma",-1.84756572,0,1
"126",753604,"NCI-H292","lung_NSCLC","lung_NSCLC_adenocarcinoma",-6.14737356,1,0
"127",753605,"NCI-H510A","lung_SCLC","lung_small_cell_carcinoma",-3.31768444,0,0
"128",753607,"NCI-H835","lung_NSCLC","lung_NSCLC_carcinoid",-0.19647857,0,1
"129",753608,"PC-14","lung_NSCLC","lung_NSCLC_adenocarcinoma",-4.42944742,0,0
"130",753610,"SBC-3","lung_SCLC","lung_small_cell_carcinoma",-7.37779239,1,0
"131",753614,"TE-15","aero_dig_tract","oesophagus",-4.67392892,0,0
"132",753616,"BE2-M17","neuroblastoma","neuroblastoma",-4.77095565,0,0
"133",753618,"KELLY","neuroblastoma","neuroblastoma",-5.397803,1,0
"134",753620,"SIMA","neuroblastoma","neuroblastoma",-5.22826847,1,0
"135",753621,"TE-1","aero_dig_tract","oesophagus",-3.51634314,0,0
"136",753623,"TE-8","aero_dig_tract","oesophagus",-5.33039866,1,0
"137",753624,"CAPAN-1","pancreas","pancreas",-3.52567578,0,0
"138",905935,"DU-145","urogenital_system","prostate",-0.51167628,0,1
"139",905936,"HCT-116","large_intestine","large_intestine",-4.30889639,0,0
"140",905937,"HCT-15","large_intestine","large_intestine",-3.90053849,0,0
"141",905939,"HT-29","large_intestine","large_intestine",-3.01231243,0,1
"142",905941,"NCI-H226","lung_NSCLC","lung_NSCLC_squamous_cell_carcinoma",-3.89249723,0,0
"143",905942,"NCI-H23","lung_NSCLC","lung_NSCLC_adenocarcinoma",-4.08627979,0,0
"144",905945,"T47D","breast","breast",-3.54080396,0,0
"145",905946,"MCF7","breast","breast",-4.10177055,0,0
"146",905948,"A498","kidney","kidney",-4.97659643,1,0
"147",905949,"A549","lung_NSCLC","lung_NSCLC_adenocarcinoma",-4.03133105,0,0
"148",905950,"ACHN","kidney","kidney",-4.67888784,0,0
"149",905951,"BT-549","breast","breast",-2.50186124,0,1
"150",905955,"SK-MEL-2","skin","melanoma",-4.12790408,0,0
"151",905956,"SK-MEL-5","skin","melanoma",-4.41731311,0,0
"152",905957,"Hs-578-T","breast","breast",-3.04868544,0,1
"153",905959,"SK-OV-3","urogenital_system","ovary",-3.08229228,0,1
"154",905960,"MDA-MB-231","breast","breast",-4.41226568,0,0
"155",905961,"COLO-205","large_intestine","large_intestine",-1.55304158,0,1
"156",905962,"SW620","large_intestine","large_intestine",-5.59567993,1,0
"157",905963,"CAKI-1","kidney","kidney",-5.11666413,1,0
"158",905967,"NCI-H322M","lung_NSCLC","lung_NSCLC_adenocarcinoma",-0.11608374,0,1
"159",905968,"IGROV-1","urogenital_system","ovary",-1.9226453,0,1
"160",905969,"OVCAR-5","urogenital_system","ovary",-3.49594043,0,0
"161",905970,"EKVX","lung_NSCLC","lung_NSCLC_adenocarcinoma",-0.47679586,0,1
"162",905971,"HCC2998","large_intestine","large_intestine",-3.22707672,0,0
"163",905972,"HOP-62","lung_NSCLC","lung_NSCLC_adenocarcinoma",-5.27114045,1,0
"164",905973,"HOP-92","lung_NSCLC","lung_NSCLC_large cell",-5.05027751,1,0
"165",905975,"M14","skin","melanoma",-4.36062227,0,0
"166",905976,"UACC-62","skin","melanoma",-3.63168584,0,0
"167",905977,"UACC-257","skin","melanoma",-2.18485062,0,1
"168",905978,"RXF393","kidney","kidney",-3.65081813,0,0
"169",905980,"TK10","kidney","kidney",-3.19929322,0,0
"170",905982,"SNB75","nervous_system","glioma",-4.08750439,0,0
"171",905983,"U251","nervous_system","glioma",-6.17338989,1,0
"172",905984,"SF539","nervous_system","glioma",-4.97704995,1,0
"173",905985,"SF295","nervous_system","glioma",-4.74306032,0,0
"174",905986,"SF268","nervous_system","glioma",-6.5730509,1,0
"175",905989,"KM12","large_intestine","large_intestine",-3.61071947,0,0
"176",905990,"OVCAR-4","urogenital_system","ovary",-2.43188384,0,1
"177",905991,"OVCAR-8","urogenital_system","ovary",-5.42203804,1,0
"178",906693,"BxPC-3","pancreas","pancreas",-2.89888137,0,1
"179",906696,"BHT-101","thyroid","thyroid",-6.05953789,1,0
"180",906746,"Becker","nervous_system","glioma",-3.69783509,0,0
"181",906790,"AGS","digestive_system","stomach",-5.74093062,1,0
"182",906791,"ABC-1","lung_NSCLC","lung_NSCLC_adenocarcinoma",-5.63537366,1,0
"183",906792,"A2058","skin","melanoma",-6.2652284,1,0
"184",906793,"A375","skin","melanoma",-6.89137294,1,0
"185",906794,"A253","aero_dig_tract","head and neck",-3.41392677,0,0
"186",906795,"8305C","thyroid","thyroid",-2.73147341,0,1
"187",906797,"647-V","urogenital_system","Bladder",-6.37237188,1,0
"188",906798,"639-V","urogenital_system","Bladder",-6.66147708,1,0
"189",906801,"BT-20","breast","breast",-3.60372568,0,0
"190",906804,"A2780","urogenital_system","ovary",-5.64796911,1,0
"191",906808,"COR-L88","lung_SCLC","lung_small_cell_carcinoma",-2.35213974,0,1
"192",906812,"COLO-824","breast","breast",-0.94037499,0,1
"193",906813,"COLO-800","skin","melanoma",-6.78009668,1,0
"194",906817,"COLO-680N","aero_dig_tract","oesophagus",-2.17998394,0,1
"195",906818,"COLO-679","skin","melanoma",-4.50607173,0,0
"196",906820,"CHP-212","neuroblastoma","neuroblastoma",-6.15217848,1,0
"197",906821,"CFPAC-1","pancreas","pancreas",-4.25483482,0,0
"198",906823,"CCF-STTG1","nervous_system","glioma",-1.27121053,0,1
"199",906824,"Ca-Ski","urogenital_system","cervix",-5.59895286,1,0
"200",906826,"CAL-120","breast","breast",-3.27093032,0,0
"201",906827,"CAL-72","bone","osteosarcoma",-6.79710296,1,0
"202",906828,"CAL-62","thyroid","thyroid",-7.18448427,1,0
"203",906830,"C32","skin","melanoma",-4.46418389,0,0
"204",906833,"Daoy","nervous_system","medulloblastoma",-7.11119188,1,0
"205",906834,"D-283MED","nervous_system","medulloblastoma",-5.59687865,1,0
"206",906835,"DBTRG-05MG","nervous_system","glioma",-4.29580537,0,0
"207",906837,"Detroit562","aero_dig_tract","head and neck",-4.33820932,0,0
"208",906839,"DK-MG","nervous_system","glioma",-2.50125206,0,1
"209",906841,"DJM-1","skin","skin_other",-5.56859697,1,0
"210",906843,"DoTc2-4510","urogenital_system","cervix",-5.4127402,1,0
"211",906844,"DU-4475","breast","breast",-5.19213218,1,0
"212",906848,"ECC10","digestive_system","stomach",-4.68353923,0,0
"213",906851,"EFM-19","breast","breast",-2.82497956,0,1
"214",906852,"EFO-27","urogenital_system","ovary",-2.86490574,0,1
"215",906853,"EGI-1","digestive_system","biliary_tract",-3.94345749,0,0
"216",906861,"ETK-1","digestive_system","biliary_tract",-3.44786575,0,0
"217",906862,"EVSA-T","breast","breast",-3.40958384,0,0
"218",906863,"FADU","aero_dig_tract","head and neck",-5.99096661,1,0
"219",906864,"FTC-133","thyroid","thyroid",-5.2023954,1,0
"220",906865,"G-361","skin","melanoma",-2.88075141,0,1
"221",906869,"GCIY","digestive_system","stomach",-3.08770428,0,1
"222",906871,"GI-1","nervous_system","glioma",-5.47919333,1,0
"223",906872,"GI-ME-N","neuroblastoma","neuroblastoma",-3.69024453,0,0
"224",906873,"GMS-10","nervous_system","glioma",-4.97140367,1,0
"225",906875,"GOTO","neuroblastoma","neuroblastoma",-6.72299822,1,0
"226",907000,"ESS-1","urogenital_system","endometrium",-6.46336216,1,0
"227",907041,"GT3TKB","digestive_system","stomach",-6.15696666,1,0
"228",907042,"H4","nervous_system","glioma",-6.93553606,1,0
"229",907045,"HCC1419","breast","breast",0.81440156,0,1
"230",907046,"HCC1569","breast","breast",-2.07749486,0,1
"231",907048,"HCC70","breast","breast",-2.38294805,0,1
"232",907051,"HEC-1","urogenital_system","endometrium",-4.01377613,0,0
"233",907055,"HGC-27","digestive_system","stomach",-5.62978314,1,0
"234",907058,"HMV-II","skin","melanoma",-4.2498002,0,0
"235",907059,"HN","aero_dig_tract","head and neck",-6.07657856,1,0
"236",907060,"HOS","bone","osteosarcoma",-6.38838968,1,0
"237",907062,"HSC-4","aero_dig_tract","head and neck",-6.68177158,1,0
"238",907064,"HT-1080","soft_tissue","fibrosarcoma",-7.11775533,1,0
"239",907065,"HT-1197","urogenital_system","Bladder",-0.11387077,0,1
"240",907066,"HT-1376","urogenital_system","Bladder",-0.57145129,0,1
"241",907068,"HT-3","urogenital_system","cervix",-5.90377073,1,0
"242",907069,"HuCCT1","digestive_system","biliary_tract",-3.11689459,0,1
"243",907071,"HuH-7","digestive_system","liver",-2.60600637,0,1
"244",907072,"HuO9","bone","osteosarcoma",-5.69686851,1,0
"245",907073,"HUTU-80","digestive_system","digestive_system_other",-8.7126501,1,0
"246",907169,"IGR-1","skin","melanoma",-2.1211672,0,1
"247",907170,"IMR-5","neuroblastoma","neuroblastoma",-5.23039333,1,0
"248",907171,"IPC-298","skin","melanoma",-3.06985361,0,1
"249",907172,"IST-MEL1","skin","melanoma",-5.02760091,1,0
"250",907176,"JEG-3","urogenital_system","urogenital_system_other",-4.23735805,0,0
"251",907276,"KATOIII","digestive_system","stomach",-2.15400797,0,1
"252",907279,"KINGS-1","nervous_system","glioma",-1.27744877,0,1
"253",907282,"KNS-42","nervous_system","glioma",-3.70248827,0,0
"254",907285,"HuP-T3","pancreas","pancreas",-3.91123249,0,0
"255",907286,"HuP-T4","pancreas","pancreas",-5.89543646,1,0
"256",907287,"HT55","large_intestine","large_intestine",-1.99155259,0,1
"257",907289,"HT-115","large_intestine","large_intestine",-1.58688163,0,1
"258",907295,"DMS-53","lung_SCLC","lung_small_cell_carcinoma",-4.10355306,0,0
"259",907298,"G-402","soft_tissue","soft_tissue_other",-4.48977263,0,0
"260",907299,"G-401","kidney","kidney",-3.88898489,0,0
"261",907312,"KU-19-19","urogenital_system","Bladder",-3.62083468,0,0
"262",907313,"KS-1","nervous_system","glioma",-3.6417334,0,0
"263",907314,"KP-N-YN","neuroblastoma","neuroblastoma",-2.29494359,0,1
"264",907317,"KYSE-150","aero_dig_tract","oesophagus",-1.93036276,0,1
"265",907320,"KYSE-450","aero_dig_tract","oesophagus",-2.92725586,0,1
"266",907321,"KYSE-510","aero_dig_tract","oesophagus",-4.4917964,0,0
"267",907790,"LoVo","large_intestine","large_intestine",-4.01256611,0,0
"268",907792,"LS-123","large_intestine","large_intestine",-0.15458565,0,1
"269",907794,"LS-411N","large_intestine","large_intestine",-3.22777626,0,0
"270",907795,"LS-513","large_intestine","large_intestine",-4.70322067,0,0
"271",908121,"MDA-MB-361","breast","breast",-3.50528144,0,0
"272",908122,"MDA-MB-453","breast","breast",-2.28135312,0,1
"273",908123,"MDA-MB-468","breast","breast",-5.07787106,1,0
"274",908124,"MEL-HO","skin","melanoma",-4.07015707,0,0
"275",908125,"MEL-JUSO","skin","melanoma",-3.76397634,0,0
"276",908127,"MES-SA","urogenital_system","uterus",-3.57460074,0,0
"277",908128,"Mewo","skin","melanoma",-3.43112412,0,0
"278",908129,"MFE-280","urogenital_system","endometrium",-2.19832386,0,1
"279",908130,"MFE-296","urogenital_system","endometrium",-5.281947,1,0
"280",908131,"MG-63","bone","osteosarcoma",-4.76568399,0,0
"281",908135,"MHH-NB-11","neuroblastoma","neuroblastoma",-6.94094027,1,0
"282",908139,"MKN28","digestive_system","stomach",-2.33712046,0,1
"283",908144,"MOG-G-CCM","nervous_system","glioma",-6.28186121,1,0
"284",908145,"MOG-G-UVW","nervous_system","glioma",-6.50519267,1,0
"285",908150,"MPP-89","lung","mesothelioma",-4.21913406,0,0
"286",908151,"MRK-nu-1","breast","breast",-1.51322793,0,1
"287",908152,"MSTO-211H","lung","mesothelioma",-4.84516928,1,0
"288",908440,"NB69","neuroblastoma","neuroblastoma",-6.67951442,1,0
"289",908443,"NCI-H520","lung_NSCLC","lung_NSCLC_squamous_cell_carcinoma",-2.13982715,0,1
"290",908444,"NCI-SNU-1","digestive_system","stomach",-2.15753487,0,1
"291",908445,"NCI-SNU-5","digestive_system","stomach",-5.77836381,1,0
"292",908446,"NCI-SNU-16","digestive_system","stomach",-2.11980637,0,1
"293",908447,"NH-12","neuroblastoma","neuroblastoma",-5.5367989,1,0
"294",908449,"NMC-G1","nervous_system","glioma",-3.91936642,0,0
"295",908450,"no-11","nervous_system","glioma",-3.2199955,0,0
"296",908452,"no-10","nervous_system","glioma",-2.29892442,0,1
"297",908454,"NTERA-2 cl.D1","urogenital_system","testis",-7.74440328,1,0
"298",908457,"NCI-H747","large_intestine","large_intestine",-2.25157142,0,1
"299",908459,"NCI-H596","lung_NSCLC","lung_NSCLC_adenocarcinoma",0.32096905,0,1
"300",908460,"NCI-H441","lung_NSCLC","lung_NSCLC_adenocarcinoma",-3.53808765,0,0
"301",908461,"NCI-N87","digestive_system","stomach",-4.68645922,0,0
"302",908462,"NCI-H2452","lung","mesothelioma",-2.94241112,0,1
"303",908465,"NCI-H358","lung_NSCLC","lung_NSCLC_adenocarcinoma",-2.67138335,0,1
"304",908467,"NCI-H1155","lung_NSCLC","lung_NSCLC_large cell",-6.25342802,1,0
"305",908468,"NCI-H1105","lung_SCLC","lung_small_cell_carcinoma",-7.40297052,1,0
"306",908469,"NCI-H1436","lung_SCLC","lung_small_cell_carcinoma",-0.05043103,0,1
"307",908470,"NCI-H28","lung","mesothelioma",-3.18061853,0,0
"308",908471,"NCI-H1581","lung_NSCLC","lung_NSCLC_large cell",-3.50870941,0,0
"309",908473,"NCI-H1666","lung_NSCLC","lung_NSCLC_adenocarcinoma",-3.96403391,0,0
"310",908474,"NCI-H1703","lung_NSCLC","lung_NSCLC_adenocarcinoma",-4.74709998,0,0
"311",908475,"NCI-H1755","lung_NSCLC","lung_NSCLC_adenocarcinoma",-2.88392976,0,1
"312",908476,"NCI-H1993","lung_NSCLC","lung_NSCLC_adenocarcinoma",0.78876957,0,1
"313",908482,"NCI-H630","large_intestine","large_intestine",-2.18461896,0,1
"314",908483,"NCI-H524","lung_SCLC","lung_small_cell_carcinoma",-3.57564645,0,0
"315",909248,"ONS-76","nervous_system","medulloblastoma",-5.87748663,1,0
"316",909250,"OS-RC-2","kidney","kidney",-4.68082363,0,0
"317",909255,"PA-1","urogenital_system","ovary",-6.71411241,1,0
"318",909256,"OCUB-M","breast","breast",-2.54788708,0,1
"319",909257,"OC-314","urogenital_system","ovary",-5.34208054,1,0
"320",909263,"RCM-1","large_intestine","large_intestine",-3.53624703,0,0
"321",909697,"RF-48","digestive_system","stomach",-3.86498477,0,0
"322",909698,"RKO","large_intestine","large_intestine",-5.44762365,1,0
"323",909699,"RMG-I","urogenital_system","ovary",-1.16226731,0,1
"324",909700,"RPMI-2650","aero_dig_tract","head and neck",-5.96171461,1,0
"325",909706,"RVH-421","skin","melanoma",-2.74277106,0,1
"326",909707,"Saos-2","bone","osteosarcoma",-3.91639008,0,0
"327",909708,"SAS","aero_dig_tract","head and neck",-6.3527901,1,0
"328",909709,"SCC-9","aero_dig_tract","head and neck",-3.4588359,0,0
"329",909711,"SCH","digestive_system","stomach",-1.2712711,0,1
"330",909712,"SF126","nervous_system","glioma",-5.22988084,1,0
"331",909713,"SH-4","skin","melanoma",-3.14396786,0,1
"332",909716,"SJRH30","soft_tissue","rhabdomyosarcoma",-3.41310069,0,0
"333",909717,"SJSA-1","bone","bone_other",-3.97993708,0,0
"334",909719,"SK-HEP-1","digestive_system","liver",-4.84649888,1,0
"335",909720,"SK-LMS-1","soft_tissue","soft_tissue_other",-6.02635993,1,0
"336",909723,"SK-MEL-1","skin","melanoma",-1.48308218,0,1
"337",909724,"SK-MEL-3","skin","melanoma",-1.31119769,0,1
"338",909725,"SK-MEL-24","skin","melanoma",-5.24636401,1,0
"339",909726,"SK-MEL-30","skin","melanoma",-4.03527872,0,0
"340",909727,"SK-MEL-31","skin","melanoma",-1.26422812,0,1
"341",909728,"SK-MES-1","lung_NSCLC","lung_NSCLC_squamous_cell_carcinoma",-4.40871288,0,0
"342",909729,"SK-MG-1","nervous_system","glioma",-5.15976994,1,0
"343",909731,"SK-PN-DW","bone","ewings_sarcoma",-6.44324957,1,0
"344",909732,"SK-UT-1","soft_tissue","soft_tissue_other",-5.63121107,1,0
"345",909735,"SNG-M","urogenital_system","endometrium",-4.98033401,1,0
"346",909736,"SNU-387","digestive_system","liver",-2.51496776,0,1
"347",909737,"SNU-423","digestive_system","liver",-2.65955165,0,1
"348",909738,"SNU-449","digestive_system","liver",-1.86354849,0,1
"349",909740,"SNU-C2B","large_intestine","large_intestine",-3.49389325,0,0
"350",909744,"SW13","kidney","adrenal_gland",-5.57537677,1,0
"351",909747,"SW1417","large_intestine","large_intestine",-2.84282906,0,1
"352",909749,"SW1710","urogenital_system","Bladder",-3.81353723,0,0
"353",909750,"SW1783","nervous_system","glioma",-3.70820636,0,0
"354",909751,"SW48","large_intestine","large_intestine",-5.55598561,1,0
"355",909753,"SW626","urogenital_system","ovary",-2.60816381,0,1
"356",909754,"SW684","soft_tissue","fibrosarcoma",-0.55214505,0,1
"357",909757,"SW948","large_intestine","large_intestine",-2.10251607,0,1
"358",909758,"SW962","urogenital_system","urogenital_system_other",-3.96048646,0,0
"359",909759,"SW982","soft_tissue","soft_tissue_other",-7.07053282,1,0
"360",909761,"T84","large_intestine","large_intestine",0.38645314,0,1
"361",909769,"TGBC1TKB","digestive_system","biliary_tract",-2.70194254,0,1
"362",909770,"TGBC11TKB","digestive_system","stomach",-3.07662143,0,1
"363",909774,"TYK-nu","urogenital_system","ovary",-5.82903998,1,0
"364",909776,"U-2-OS","bone","osteosarcoma",-4.29815274,0,0
"365",909778,"UACC-893","breast","breast",-1.39283903,0,1
"366",909779,"UMC-11","lung_NSCLC","lung_NSCLC_carcinoid",-0.8635557,0,1
"367",909781,"VMRC-RCZ","kidney","kidney",-3.04618445,0,1
"368",909784,"WM-115","skin","melanoma",-2.79827313,0,1
"369",909904,"YAPC","pancreas","pancreas",-3.54586551,0,0
"370",909905,"YH-13","nervous_system","glioma",-4.90335984,1,0
"371",909907,"ZR-75-30","breast","breast",1.05561543,0,1
"372",909974,"RCC10RGB","kidney","kidney",-1.70383541,0,1
"373",909975,"KURAMOCHI","urogenital_system","ovary",-2.08843281,0,1
"374",909977,"HuO-3N1","bone","osteosarcoma",-2.86918503,0,1
"375",910079,"OE19","aero_dig_tract","oesophagus",-1.94229054,0,1
"376",910399,"NCI-H838","lung_NSCLC","lung_NSCLC_adenocarcinoma",-2.92527775,0,1
"377",910546,"PSN1","pancreas","pancreas",-5.6374006,1,0
"378",910548,"OAW-42","urogenital_system","ovary",-4.54557125,0,0
"379",910549,"OE33","aero_dig_tract","oesophagus",-3.79145141,0,0
"380",910554,"CW-2","large_intestine","large_intestine",-3.57587604,0,0
"381",910567,"CHP-126","neuroblastoma","neuroblastoma",-5.6056643,1,0
"382",910568,"CGTH-W-1","thyroid","thyroid",-5.45951982,1,0
"383",910569,"COLO-320-HSR","large_intestine","large_intestine",-3.4217804,0,0
"384",910689,"COLO-678","large_intestine","large_intestine",-1.49464299,0,1
"385",910691,"COLO-684","urogenital_system","endometrium",-3.4131221,0,0
"386",910692,"COLO-668","lung_SCLC","lung_small_cell_carcinoma",-3.91480296,0,0
"387",910694,"LN-405","nervous_system","glioma",-2.10704255,0,1
"388",910697,"A388","skin","skin_other",-4.66033522,0,0
"389",910700,"C2BBe1","large_intestine","large_intestine",-5.78048057,1,0
"390",910701,"SCC-25","aero_dig_tract","head and neck",-2.98387272,0,1
"391",910702,"AsPC-1","pancreas","pancreas",-2.39225162,0,1
"392",910704,"AU565","breast","breast",-4.82834625,1,0
"393",910779,"IA-LM","lung_NSCLC","lung_NSCLC_large cell",-4.38765044,0,0
"394",910780,"TGW","neuroblastoma","neuroblastoma",-5.56772178,1,0
"395",910781,"AN3-CA","urogenital_system","endometrium",-3.79985096,0,0
"396",910849,"NY","bone","osteosarcoma",-5.34341725,1,0
"397",910850,"C3A","digestive_system","liver",-3.25642637,0,0
"398",910851,"A427","lung_NSCLC","lung_NSCLC_not specified",-5.66651331,1,0
"399",910852,"CAL-85-1","breast","breast",-2.83316241,0,1
"400",910853,"CHL-1","skin","melanoma",-5.60907507,1,0
"401",910899,"NCI-H146","lung_SCLC","lung_small_cell_carcinoma",-2.91496857,0,1
"402",910900,"NCI-H1651","lung_NSCLC","lung_NSCLC_adenocarcinoma",-4.23357174,0,0
"403",910903,"RPMI-7951","skin","melanoma",-5.13358569,1,0
"404",910904,"SCC-4","aero_dig_tract","head and neck",-4.03835362,0,0
"405",910905,"SNU-C1","large_intestine","large_intestine",-2.08283905,0,1
"406",910907,"SW1990","pancreas","pancreas",-3.4616879,0,0
"407",910915,"Capan-2","pancreas","pancreas",-0.95816699,0,1
"408",910916,"CAL-27","aero_dig_tract","head and neck",-6.22800858,1,0
"409",910920,"A704","kidney","kidney",-4.2614007,0,0
"410",910921,"A101D","skin","melanoma",-5.48373564,1,0
"411",910924,"23132-87","digestive_system","stomach",-4.4193487,0,0
"412",910925,"A431","skin","skin_other",-5.01282645,1,0
"413",910926,"BFTC-905","urogenital_system","Bladder",-6.64958739,1,0
"414",910927,"CAL-51","breast","breast",-5.07166086,1,0
"415",910931,"RERF-LC-MS","lung_NSCLC","lung_NSCLC_adenocarcinoma",-3.69736099,0,0
"416",910932,"GAK","skin","melanoma",-2.16760213,0,1
"417",910933,"AM-38","nervous_system","glioma",-5.35706953,1,0
"418",910936,"DOK","aero_dig_tract","head and neck",-4.11158328,0,0
"419",910937,"COR-L279","lung_SCLC","lung_small_cell_carcinoma",-5.99698433,1,0
"420",910942,"NEC8","urogenital_system","testis",-5.31706066,1,0
"421",910943,"CAS-1","nervous_system","glioma",-3.10325002,0,1
"422",910948,"MFM-223","breast","breast",-2.23037381,0,1
"423",911905,"EFO-21","urogenital_system","ovary",-2.43540818,0,1
"424",917486,"LS-1034","large_intestine","large_intestine",-2.05026709,0,1
"425",924100,"22RV1","urogenital_system","prostate",-4.73462512,0,0
"426",924102,"8505C","thyroid","thyroid",-5.5734799,1,0
"427",924107,"CAL-39","urogenital_system","cervix",-3.88478616,0,0
"428",924108,"CaR-1","large_intestine","large_intestine",-4.74530536,0,0
"429",924186,"KGN","urogenital_system","ovary",-4.55936559,0,0
"430",924187,"KLE","urogenital_system","endometrium",-1.46387046,0,1
"431",924188,"KNS-81-FD","nervous_system","glioma",-4.07348928,0,0
"432",924238,"K5","thyroid","thyroid",-5.62371871,1,0
"433",924240,"MDA-MB-415","breast","breast",-1.79776578,0,1
"434",924244,"NCI-H1975","lung_NSCLC","lung_NSCLC_adenocarcinoma",-2.13233721,0,1
"435",924247,"SW954","urogenital_system","urogenital_system_other",-4.11680312,0,0
"436",924250,"MKN7","digestive_system","stomach",-2.01101457,0,1
"437",925339,"MMAC-SF","skin","melanoma",-3.36366578,0,0
"438",925340,"MKN45","digestive_system","stomach",-4.61206448,0,0
"439",925341,"NCI-H810","lung_NSCLC","lung_NSCLC_large cell",-3.63271078,0,0
"440",925343,"MFH-ino","soft_tissue","soft_tissue_other",-5.82544945,1,0
"441",925345,"NOS-1","bone","osteosarcoma",-2.68263393,0,1
"442",925346,"PANC-03-27","pancreas","pancreas",-4.81284327,1,0
"443",925347,"PANC-08-13","pancreas","pancreas",-3.3350291,0,0
"444",930082,"RL95-2","urogenital_system","endometrium",-3.34631895,0,0
"445",930083,"RO82-W-1","thyroid","thyroid",-4.27959257,0,0
"446",930297,"SiHa","urogenital_system","cervix",-2.49664318,0,1
"447",930298,"SKG-IIIa","urogenital_system","cervix",-5.07696623,1,0
"448",930299,"TT","thyroid","thyroid",-2.76358086,0,1
"449",946353,"TE-9","aero_dig_tract","oesophagus",-3.91694783,0,0
"450",946354,"TE-11","aero_dig_tract","oesophagus",-4.17781323,0,0
"451",946355,"TE-6","aero_dig_tract","oesophagus",-1.84137892,0,1
"452",946356,"TE-12","aero_dig_tract","oesophagus",-2.77680096,0,1
"453",946357,"TC-YIK","urogenital_system","cervix",-6.49454893,1,0
"454",946359,"BT-474","breast","breast",-0.18095079,0,1
"455",946361,"LCLC-97TM1","lung_NSCLC","lung_NSCLC_large cell",-4.81949463,1,0
"456",946367,"D-247MG","nervous_system","glioma",-4.12831413,0,0
"457",946368,"D-263MG","nervous_system","glioma",-4.69359528,0,0
"458",946369,"D-336MG","nervous_system","glioma",-5.07346126,1,0
"459",946370,"D-392MG","nervous_system","glioma",-4.01898863,0,0
"460",946372,"D-423MG","nervous_system","glioma",-5.85831426,1,0
"461",946373,"D-502MG","nervous_system","glioma",-4.26986868,0,0
"462",946377,"D-566MG","nervous_system","glioma",-7.17742433,1,0
"463",949090,"Caov-4","urogenital_system","ovary",-2.4778512,0,1
"464",949093,"BT-483","breast","breast",-1.78222031,0,1
"465",949094,"M059J","nervous_system","glioma",-5.33528856,1,0
"466",949155,"ES8","bone","ewings_sarcoma",-6.88141503,1,0
"467",949156,"ES4","bone","ewings_sarcoma",-6.61330387,1,0
"468",949157,"ES6","bone","ewings_sarcoma",-2.64047791,0,1
"469",949158,"ES1","bone","ewings_sarcoma",-7.08616449,1,0
"470",949160,"EW-7","bone","ewings_sarcoma",-5.86972072,1,0
"471",949161,"EW-3","bone","ewings_sarcoma",-6.0508426,1,0
"472",949163,"EW-1","bone","ewings_sarcoma",-6.01748507,1,0
"473",949164,"EW-18","bone","ewings_sarcoma",-2.26925582,0,1
"474",949165,"EW-16","bone","ewings_sarcoma",-6.94037857,1,0
"475",949166,"EW-13","bone","ewings_sarcoma",-2.16890434,0,1
"476",949167,"EW-22","bone","ewings_sarcoma",-6.42721313,1,0
"477",949168,"EW-24","bone","ewings_sarcoma",-3.90626547,0,0
"478",949170,"LAN-6","neuroblastoma","neuroblastoma",-3.01425804,0,1
"479",949171,"NB10","neuroblastoma","neuroblastoma",-6.65013813,1,0
"480",949172,"NB12","neuroblastoma","neuroblastoma",-3.28398685,0,0
"481",949173,"NB6","neuroblastoma","neuroblastoma",-2.63074333,0,1
"482",949175,"NB17","neuroblastoma","neuroblastoma",-5.91802587,1,0
"483",949176,"NB5","neuroblastoma","neuroblastoma",-5.79974357,1,0
"484",949177,"NB13","neuroblastoma","neuroblastoma",-4.70604844,0,0
"485",949178,"NB14","neuroblastoma","neuroblastoma",-6.59399655,1,0
"486",949179,"NB1","neuroblastoma","neuroblastoma",-3.81467129,0,0
"487",971773,"RH-1","soft_tissue","rhabdomyosarcoma",-6.06163631,1,0
"488",971774,"RH-18","soft_tissue","rhabdomyosarcoma",-2.18856101,0,1
"489",971777,"MZ2-MEL","skin","melanoma",-5.36497654,1,0
"490",998189,"LS-180","large_intestine","large_intestine",-3.18190337,0,0
"491",1240121,"BICR22","aero_dig_tract","head and neck",-6.27543433,1,0
"492",1240122,"BICR78","aero_dig_tract","head and neck",-5.79581094,1,0
"493",1240123,"CCK-81","large_intestine","large_intestine",-3.63194477,0,0
"494",1240124,"CL-40","large_intestine","large_intestine",-1.93700742,0,1
"495",1240125,"COLO-783","skin","melanoma",-4.24538971,0,0
"496",1240127,"EN","urogenital_system","endometrium",1.09849038,0,1
"497",1240128,"ES-2","urogenital_system","ovary",-4.72043208,0,0
"498",1240129,"FU-OV-1","urogenital_system","ovary",-2.04959523,0,1
"499",1240130,"G-MEL","skin","melanoma",-6.35696508,1,0
"500",1240132,"H2595","lung","mesothelioma",-3.09789855,0,1
"501",1240134,"H2731","lung","mesothelioma",-2.98620705,0,1
"502",1240138,"H2869","lung","mesothelioma",-1.46509976,0,1
"503",1240139,"H290","lung","mesothelioma",-5.33954153,1,0
"504",1240140,"H3118","aero_dig_tract","head and neck",-4.70508716,0,0
"505",1240141,"H513","lung","mesothelioma",-2.7592382,0,1
"506",1240142,"HARA","lung_NSCLC","lung_NSCLC_squamous_cell_carcinoma",-4.5942607,0,0
"507",1240143,"HCC-15","lung_NSCLC","lung_NSCLC_squamous_cell_carcinoma",-3.93462709,0,0
"508",1240144,"HCC-366","lung_NSCLC","lung_NSCLC_not specified",-2.47475896,0,1
"509",1240145,"HCC-44","lung_NSCLC","lung_NSCLC_adenocarcinoma",-5.09403412,1,0
"510",1240146,"HCC-827","lung_NSCLC","lung_NSCLC_adenocarcinoma",-4.69355328,0,0
"511",1240147,"Hep 3B2_1-7","digestive_system","liver",-2.30905036,0,1
"512",1240149,"Hs633T","soft_tissue","fibrosarcoma",-6.54983094,1,0
"513",1240150,"Hs683","nervous_system","glioma",-4.9142613,1,0
"514",1240151,"Hs746T","digestive_system","stomach",-2.55092057,0,1
"515",1240153,"IGR-37","skin","melanoma",-4.79921379,0,0
"516",1240154,"IHH-4","thyroid","thyroid",-7.09572778,1,0
"517",1240157,"JHH-2","digestive_system","liver",-3.04766371,0,1
"518",1240158,"JHH-4","digestive_system","liver",-4.45002006,0,0
"519",1240159,"JHH-6","digestive_system","liver",-4.28824889,0,0
"520",1240160,"JHH-7","digestive_system","liver",-2.87239779,0,1
"521",1240161,"JHU-011","aero_dig_tract","head and neck",-5.89158035,1,0
"522",1240162,"JHU-022","aero_dig_tract","head and neck",-5.12182842,1,0
"523",1240166,"KYM-1","soft_tissue","rhabdomyosarcoma",-5.05701427,1,0
"524",1240167,"KYSE-220","aero_dig_tract","oesophagus",-4.35892951,0,0
"525",1240168,"LN-18","nervous_system","glioma",-3.55500953,0,0
"526",1240169,"LN-229","nervous_system","glioma",-4.92230718,1,0
"527",1240170,"LNZTA3WT4","nervous_system","glioma",-3.00334371,0,1
"528",1240172,"MDA-MB-436","breast","breast",-3.69784623,0,0
"529",1240173,"MDST8","large_intestine","large_intestine",-4.39731544,0,0
"530",1240179,"MS751","urogenital_system","cervix",-5.63687973,1,0
"531",1240181,"NB(TU)1-10","neuroblastoma","neuroblastoma",-1.43732406,0,1
"532",1240182,"NCI-H1836","lung_SCLC","lung_small_cell_carcinoma",-0.41093474,0,1
"533",1240183,"NCI-H1869","lung_NSCLC","lung_NSCLC_squamous_cell_carcinoma",-0.99052905,0,1
"534",1240185,"NCI-H1944","lung_NSCLC","lung_NSCLC_adenocarcinoma",-4.60883182,0,0
"535",1240187,"NCI-H2023","lung_NSCLC","lung_NSCLC_adenocarcinoma",-3.34589383,0,0
"536",1240189,"NCI-H211","lung_SCLC","lung_small_cell_carcinoma",-3.25955034,0,0
"537",1240190,"NCI-H3122","lung_NSCLC","lung_NSCLC_adenocarcinoma",-5.19668899,1,0
"538",1240191,"NCI-H647","lung_NSCLC","lung_NSCLC_not specified",-4.05492675,0,0
"539",1240192,"NCI-H841","lung_SCLC","lung_small_cell_carcinoma",-3.57716165,0,0
"540",1240193,"NCI-H847","lung_SCLC","lung_small_cell_carcinoma",-1.89345058,0,1
"541",1240196,"OSC-20","aero_dig_tract","head and neck",-5.02742701,1,0
"542",1240197,"OV-90","urogenital_system","ovary",-4.19372591,0,0
"543",1240198,"OVISE","urogenital_system","ovary",-3.15166618,0,0
"544",1240199,"OVKATE","urogenital_system","ovary",0.31925869,0,1
"545",1240200,"OVMIU","urogenital_system","ovary",-2.33594773,0,1
"546",1240201,"PA-TU-8988T","pancreas","pancreas",-3.93669723,0,0
"547",1240202,"PC-3 [JPC-3]","lung_NSCLC","lung_NSCLC_adenocarcinoma",-3.78188632,0,0
"548",1240204,"PCI-15A","aero_dig_tract","head and neck",0.35566962,0,1
"549",1240206,"PCI-6A","aero_dig_tract","head and neck",-5.81148922,1,0
"550",1240207,"PE/CA-PJ15","aero_dig_tract","head and neck",-5.42267024,1,0
"551",1240210,"RH-41","soft_tissue","rhabdomyosarcoma",-3.85671249,0,0
"552",1240212,"SISO","urogenital_system","cervix",-5.76543082,1,0
"553",1240215,"SKN","urogenital_system","uterus",-5.25604963,1,0
"554",1240216,"SNU-182","digestive_system","liver",-5.24266782,1,0
"555",1240218,"SU8686","pancreas","pancreas",-4.64750619,0,0
"556",1240219,"SUIT-2","pancreas","pancreas",-4.77862097,0,0
"557",1240222,"TOV-21G","urogenital_system","ovary",-6.19025204,1,0
"558",1240223,"TT2609-C02","thyroid","thyroid",-5.08595255,1,0
"559",1240226,"WM278","skin","melanoma",-5.30599157,1,0
"560",1247873,"H3255","lung_NSCLC","lung_NSCLC_adenocarcinoma",-2.26754301,0,1
"561",1287381,"201T","lung_NSCLC","lung_NSCLC_adenocarcinoma",-3.65352276,0,0
"562",1287706,"451Lu","skin","melanoma",-4.99582067,1,0
"563",1290722,"ASH-3","thyroid","thyroid",-4.60649162,0,0
"564",1290724,"BICR10","aero_dig_tract","head and neck",-4.82015067,1,0
"565",1290730,"CAL-29","urogenital_system","Bladder",-5.26028942,1,0
"566",1290765,"CAL-78","bone","chondrosarcoma",-2.98269645,0,1
"567",1290767,"CHSA0011","bone","chondrosarcoma",-1.40511283,0,1
"568",1290768,"CHSA0108","bone","chondrosarcoma",-4.05047827,0,0
"569",1290769,"CL-11","large_intestine","large_intestine",-1.36148268,0,1
"570",1290771,"CL-34","large_intestine","large_intestine",-3.37856258,0,0
"571",1290795,"CS1","bone","bone_other",-5.98328549,1,0
"572",1290797,"DAN-G","pancreas","pancreas",-1.85480087,0,1
"573",1290798,"EFM-192A","breast","breast",-1.58087082,0,1
"574",1290806,"FU97","digestive_system","stomach",-2.02502973,0,1
"575",1290807,"G-292 Clone A141B1","bone","osteosarcoma",-2.15948101,0,1
"576",1290808,"H2369","lung","mesothelioma",-4.69759966,0,0
"577",1290809,"H2373","lung","mesothelioma",-4.68754982,0,0
"578",1290810,"H2461","lung","mesothelioma",-1.48979236,0,1
"579",1290812,"H2722","lung","mesothelioma",-1.52810083,0,1
"580",1290813,"H2795","lung","mesothelioma",-6.86234817,1,0
"581",1290905,"HCC1428","breast","breast",-2.0751692,0,1
"582",1290906,"HCC202","breast","breast",0.54621675,0,1
"583",1290907,"HCC-56","large_intestine","large_intestine",-3.16428197,0,0
"584",1290908,"HCC-78","lung_NSCLC","lung_NSCLC_adenocarcinoma",-5.70023017,1,0
"585",1290922,"HDQ-P1","breast","breast",-2.31132435,0,1
"586",1297439,"COR-L95","lung_SCLC","lung_small_cell_carcinoma",-1.20818506,0,1
"587",1298134,"HeLa","urogenital_system","cervix",-5.06346081,1,0
"588",1298141,"Hs766T","pancreas","pancreas",-2.37685924,0,1
"589",1298146,"huH-1","digestive_system","liver",-4.75061109,0,0
"590",1298151,"JHH-1","digestive_system","liver",-3.42267419,0,0
"591",1298156,"JHU-029","aero_dig_tract","head and neck",-5.07960342,1,0
"592",1298157,"JIMT-1","breast","breast",-3.43303474,0,0
"593",1298160,"K2","skin","melanoma",-1.00402613,0,1
"594",1298168,"KMRC-1","kidney","kidney",-4.04424661,0,0
"595",1298169,"KMRC-20","kidney","kidney",-4.7655317,0,0
"596",1298215,"KON","aero_dig_tract","head and neck",-5.27625851,1,0
"597",1298216,"KP-1N","pancreas","pancreas",-2.85476666,0,1
"598",1298218,"KP-2","pancreas","pancreas",-2.60525274,0,1
"599",1298219,"KP-3","pancreas","pancreas",-1.63184926,0,1
"600",1298222,"KYSE-50","aero_dig_tract","oesophagus",-3.19975923,0,0
"601",1298223,"LC-1-sq","lung_NSCLC","lung_NSCLC_squamous_cell_carcinoma",-2.35703368,0,1
"602",1298226,"LOU-NH91","lung_NSCLC","lung_NSCLC_squamous_cell_carcinoma",-3.871123,0,0
"603",1298347,"NCI-H1435","lung_NSCLC","lung_NSCLC_adenocarcinoma",-1.03765351,0,1
"604",1298348,"NCI-H1568","lung_NSCLC","lung_NSCLC_adenocarcinoma",-3.76381773,0,0
"605",1298349,"NCI-H1688","lung_SCLC","lung_small_cell_carcinoma",-1.32527923,0,1
"606",1298350,"NCI-H1781","lung_NSCLC","lung_NSCLC_adenocarcinoma",-5.28289706,1,0
"607",1298351,"NCI-H2110","lung_NSCLC","lung_NSCLC_not specified",-4.25500248,0,0
"608",1298352,"NCI-H2135","lung_NSCLC","lung_NSCLC_not specified",0.39060272,0,1
"609",1298353,"NCI-H2172","lung_NSCLC","lung_NSCLC_not specified",0.08193346,0,1
"610",1298356,"NCI-H2444","lung_NSCLC","lung_NSCLC_not specified",-0.52646899,0,1
"611",1298357,"NUGC-4","digestive_system","stomach",-2.45265818,0,1
"612",1298358,"OCUM-1","digestive_system","stomach",-4.55254486,0,0
"613",1298359,"OE21","aero_dig_tract","oesophagus",-2.64320153,0,1
"614",1298365,"OVTOKO","urogenital_system","ovary",-3.99123993,0,0
"615",1298475,"PANC-02-03","pancreas","pancreas",-4.08671007,0,0
"616",1298476,"PANC-04-03","pancreas","pancreas",-2.99779946,0,1
"617",1298526,"PA-TU-8902","pancreas","pancreas",-4.34752556,0,0
"618",1298529,"PCI-30","aero_dig_tract","head and neck",-4.26067323,0,0
"619",1298531,"PCI-4B","aero_dig_tract","head and neck",-5.97966094,1,0
"620",1298533,"PL4","pancreas","pancreas",-2.90927108,0,1
"621",1298534,"QGP-1","pancreas","pancreas",1.43135865,0,1
"622",1298537,"RERF-LC-KJ","lung_NSCLC","lung_NSCLC_adenocarcinoma",-2.9013646,0,1
"623",1298538,"RERF-LC-Sq1","lung_NSCLC","lung_NSCLC_squamous_cell_carcinoma",-0.95929026,0,1
"624",1298539,"RKN","urogenital_system","ovary",-5.55992148,1,0
"625",1299050,"SAT","aero_dig_tract","head and neck",-2.67313016,0,1
"626",1299052,"SCC90","aero_dig_tract","head and neck",-2.25019805,0,1
"627",1299059,"SKN-3","aero_dig_tract","head and neck",-5.37017752,1,0
"628",1299061,"STS-0421","soft_tissue","soft_tissue_other",-3.0232753,0,1
"629",1299062,"SW1271","lung_SCLC","lung_small_cell_carcinoma",-4.0637623,0,0
"630",1299064,"T-T","aero_dig_tract","oesophagus",-5.16650941,1,0
"631",1299070,"TOV-112D","urogenital_system","ovary",-6.00418423,1,0
"632",1299075,"VCaP","urogenital_system","prostate",-2.55304447,0,1
"633",1299078,"WM1552C","skin","melanoma",-2.18899609,0,1
"634",1299080,"WM35","skin","melanoma",-5.66058764,1,0
"635",1299081,"WM793B","skin","melanoma",-4.904435,1,0
"636",1303900,"HCC1500","breast","breast",-3.40425937,0,0
"637",1303912,"CHSA8926","bone","chondrosarcoma",-1.01036782,0,1
"638",1322213,"COR-L321","lung","Lung_other",-2.58483748,0,1
"639",1322224,"HSC-39","digestive_system","stomach",-1.91703719,0,1
"640",1330941,"MDA-MB-330","breast","breast",-0.75635254,0,1
"641",1330964,"NCI-H1341","lung_SCLC","lung_small_cell_carcinoma",-5.17072004,1,0
"642",1330972,"NCI-H1876","lung_SCLC","lung_small_cell_carcinoma",-8.36432308,1,0
"643",1330993,"PWR-1E","urogenital_system","prostate",-6.40149068,1,0
"644",1479987,"DOV13","urogenital_system","ovary",-5.28780384,1,0
"645",1479988,"Hey","urogenital_system","ovary",-5.78944554,1,0
"646",1479995,"JHOS-2","urogenital_system","ovary",-5.9939785,1,0
"647",1480358,"JHOS-3","urogenital_system","ovary",-2.01620193,0,1
"648",1480359,"JHOS-4","urogenital_system","ovary",-2.06636369,0,1
"649",1480360,"OV-7","urogenital_system","ovary",-4.06031252,0,0
"650",1480361,"OV-17R","urogenital_system","ovary",-1.38828686,0,1
"651",1480362,"OV-56","urogenital_system","ovary",-5.51310751,1,0
"652",1480364,"OVCA420","urogenital_system","ovary",-1.62598497,0,1
"653",1480371,"OVK-18","urogenital_system","ovary",-6.10113955,1,0
"654",1480372,"PEO1","urogenital_system","ovary",-5.3884768,1,0
"655",1480374,"UWB1.289","urogenital_system","ovary",-3.85399043,0,0
"656",1503361,"FLO-1","aero_dig_tract","oesophagus",-2.80237371,0,1
"657",1503362,"OACp4C","aero_dig_tract","oesophagus",-3.73383519,0,0
"658",1503363,"OACM5-1","aero_dig_tract","oesophagus",-1.34158967,0,1
"659",1503364,"SK-GT-2","digestive_system","stomach",-3.27320183,0,0
"660",1503365,"SK-GT-4","aero_dig_tract","oesophagus",-1.84879519,0,1
"661",1503366,"ESO26","aero_dig_tract","oesophagus",-4.45518779,0,0
"662",1503367,"ESO51","aero_dig_tract","oesophagus",-3.53773614,0,0
"663",1503368,"KYAE-1","aero_dig_tract","oesophagus",-1.85675442,0,1
"664",1503369,"EMC-BAC-1","lung_NSCLC","lung_NSCLC_adenocarcinoma",-5.05476689,1,0
"665",1503370,"EMC-BAC-2","lung_NSCLC","lung_NSCLC_adenocarcinoma",-4.08646135,0,0
"666",1503371,"TE-4","aero_dig_tract","oesophagus",-4.16885496,0,0
"667",1509073,"NCC010","kidney","kidney",-3.94450747,0,0
"668",1509074,"NCC021","kidney","kidney",-3.52930066,0,0
"669",1524414,"RCC-FG2","kidney","kidney",-4.22148565,0,0
"670",1524415,"RCC-JF","kidney","kidney",-6.10855924,1,0
"671",1524416,"RCC-JW","kidney","kidney",-5.8350746,1,0
"672",1524417,"RCC-ER","kidney","kidney",-4.44634944,0,0
"673",1524418,"RCC-AB","kidney","kidney",-4.06896216,0,0
"674",1524419,"RCC-MF","kidney","kidney",-4.90964128,1,0
"675",1660034,"SNU-407","large_intestine","large_intestine",-2.74241945,0,1
"676",1660035,"SNU-61","large_intestine","large_intestine",0.49107875,0,1
"677",1660036,"SNU-81","large_intestine","large_intestine",-4.3692688,0,0
"678",1674021,"SNU-C5","large_intestine","large_intestine",-4.53969956,0,0
