"","COSMIC_ID","Cell_line_name","Cell_line_tissue_type","Cell_line_tissue_type_2","LN_IC50","most_sensitive","least_sensitive"
"1",683667,"PFSK-1","nervous_system","medulloblastoma",1.75755919,1,0
"2",684057,"ES5","bone","ewings_sarcoma",1.13196674,1,0
"3",684059,"ES7","bone","ewings_sarcoma",0.87712395,1,0
"4",684062,"EW-11","bone","ewings_sarcoma",1.34299045,1,0
"5",684072,"SK-ES-1","bone","ewings_sarcoma",1.31737472,1,0
"6",684681,"NCI-H1395","lung_NSCLC","lung_NSCLC_adenocarcinoma",3.54805102,0,0
"7",687452,"5637","urogenital_system","Bladder",1.52337287,1,0
"8",687455,"RT4","urogenital_system","Bladder",2.71829922,0,0
"9",687457,"SW780","urogenital_system","Bladder",2.5401121,0,0
"10",687505,"C-33-A","urogenital_system","cervix",1.38113295,1,0
"11",687506,"C-4-I","urogenital_system","cervix",2.59882019,0,0
"12",687514,"ME-180","urogenital_system","cervix",0.81441652,1,0
"13",687561,"42-MG-BA","nervous_system","glioma",3.08600352,0,0
"14",687562,"8-MG-BA","nervous_system","glioma",1.68366835,1,0
"15",687568,"GB-1","nervous_system","glioma",0.71588091,1,0
"16",687586,"T98G","nervous_system","glioma",3.44000868,0,0
"17",687588,"U-118-MG","nervous_system","glioma",2.74506187,0,0
"18",687590,"U-87-MG","nervous_system","glioma",3.10706607,0,0
"19",687592,"YKG-1","nervous_system","glioma",1.85074466,1,0
"20",687600,"NCI-H720","lung_NSCLC","lung_NSCLC_carcinoid",3.83159352,0,0
"21",687777,"Calu-3","lung_NSCLC","lung_NSCLC_adenocarcinoma",5.13943131,0,1
"22",687780,"COR-L23","lung_NSCLC","lung_NSCLC_large cell",1.67761803,1,0
"23",687787,"LK-2","lung_NSCLC","lung_NSCLC_squamous_cell_carcinoma",3.31337826,0,0
"24",687798,"NCI-H1623","lung_NSCLC","lung_NSCLC_adenocarcinoma",3.87391574,0,0
"25",687799,"NCI-H1648","lung_NSCLC","lung_NSCLC_adenocarcinoma",3.23045419,0,0
"26",687802,"NCI-H1693","lung_NSCLC","lung_NSCLC_adenocarcinoma",4.18066836,0,1
"27",687804,"NCI-H1770","lung_NSCLC","lung_NSCLC_not specified",4.43619248,0,1
"28",687807,"NCI-H1838","lung_NSCLC","lung_NSCLC_adenocarcinoma",5.32799524,0,1
"29",687819,"NCI-H2342","lung_NSCLC","lung_NSCLC_adenocarcinoma",3.45311657,0,0
"30",687820,"NCI-H2347","lung_NSCLC","lung_NSCLC_adenocarcinoma",4.37171723,0,1
"31",687821,"NCI-H2405","lung_NSCLC","lung_NSCLC_adenocarcinoma",3.00112258,0,0
"32",687829,"NCI-H661","lung_NSCLC","lung_NSCLC_large cell",2.1913922,0,0
"33",687983,"DMS-114","lung_SCLC","lung_small_cell_carcinoma",2.79834708,0,0
"34",687985,"DMS-273","lung_SCLC","lung_small_cell_carcinoma",2.24956747,0,0
"35",687995,"NCI-H1048","lung_SCLC","lung_small_cell_carcinoma",2.31221079,0,0
"36",687997,"NCI-H1092","lung_SCLC","lung_small_cell_carcinoma",5.10018036,0,1
"37",688001,"NCI-H1417","lung_SCLC","lung_small_cell_carcinoma",0.59958668,1,0
"38",688006,"NCI-H1694","lung_SCLC","lung_small_cell_carcinoma",2.32361203,0,0
"39",688007,"NCI-H187","lung_SCLC","lung_small_cell_carcinoma",3.32563856,0,0
"40",688010,"NCI-H1963","lung_SCLC","lung_small_cell_carcinoma",3.21934346,0,0
"41",688011,"NCI-H2029","lung_SCLC","lung_small_cell_carcinoma",4.77183545,0,1
"42",688013,"NCI-H209","lung_SCLC","lung_small_cell_carcinoma",-2.11577599,1,0
"43",688014,"NCI-H2141","lung_SCLC","lung_small_cell_carcinoma",3.82834467,0,0
"44",688018,"NCI-H2227","lung_SCLC","lung_small_cell_carcinoma",2.65882504,0,0
"45",688021,"NCI-H345","lung_SCLC","lung_small_cell_carcinoma",4.44092766,0,1
"46",688023,"NCI-H446","lung_SCLC","lung_small_cell_carcinoma",4.06062382,0,1
"47",688025,"NCI-H526","lung_SCLC","lung_small_cell_carcinoma",1.45899393,1,0
"48",688026,"NCI-H64","lung_SCLC","lung_small_cell_carcinoma",2.702504,0,0
"49",688027,"NCI-H69","lung_SCLC","lung_small_cell_carcinoma",4.35323382,0,1
"50",688031,"NCI-H82","lung_SCLC","lung_small_cell_carcinoma",1.51187475,1,0
"51",688058,"NCI-H2052","lung","mesothelioma",4.56030965,0,1
"52",688086,"SK-N-DZ","neuroblastoma","neuroblastoma",2.45658783,0,0
"53",688087,"SK-N-FI","neuroblastoma","neuroblastoma",4.19241983,0,1
"54",688121,"VA-ES-BJ","soft_tissue","soft_tissue_other",0.99295449,1,0
"55",713869,"VMRC-LCD","lung_NSCLC","lung_NSCLC_adenocarcinoma",3.36139685,0,0
"56",713878,"LU-139","lung_SCLC","lung_small_cell_carcinoma",3.93267401,0,0
"57",713880,"SBC-5","lung_SCLC","lung_small_cell_carcinoma",3.0718634,0,0
"58",713885,"SBC-1","lung_SCLC","lung_small_cell_carcinoma",4.63468696,0,1
"59",713899,"LU-135","lung_SCLC","lung_small_cell_carcinoma",2.35774076,0,0
"60",717431,"SK-N-SH","neuroblastoma","neuroblastoma",1.94643231,0,0
"61",722046,"NCI-H2122","lung_NSCLC","lung_NSCLC_adenocarcinoma",2.41878784,0,0
"62",722058,"NCI-H1734","lung_NSCLC","lung_NSCLC_adenocarcinoma",2.04665976,0,0
"63",722066,"NCI-H650","lung_NSCLC","lung_NSCLC_adenocarcinoma",2.84672381,0,0
"64",724828,"SK-N-AS","neuroblastoma","neuroblastoma",2.40691226,0,0
"65",724834,"NCI-H2087","lung_NSCLC","lung_NSCLC_adenocarcinoma",2.72346719,0,0
"66",724838,"UM-UC-3","urogenital_system","Bladder",1.77943929,1,0
"67",724839,"SW756","urogenital_system","cervix",2.140665,0,0
"68",724855,"NCI-H727","lung_NSCLC","lung_NSCLC_carcinoid",4.5274113,0,1
"69",724859,"Calu-6","lung_NSCLC","lung_NSCLC_adenocarcinoma",3.84717612,0,0
"70",724863,"LU-65","lung_NSCLC","lung_NSCLC_large cell",5.02687594,0,1
"71",724868,"NCI-H1792","lung_NSCLC","lung_NSCLC_adenocarcinoma",2.39463201,0,0
"72",724870,"MIA-PaCa-2","pancreas","pancreas",0.40111093,1,0
"73",724872,"SHP-77","lung_SCLC","lung_small_cell_carcinoma",4.6436579,0,1
"74",724873,"NCI-H2009","lung_NSCLC","lung_NSCLC_adenocarcinoma",3.65137431,0,0
"75",724874,"NCI-H2291","lung_NSCLC","lung_NSCLC_adenocarcinoma",5.55132644,0,1
"76",724878,"SW1573","lung_NSCLC","lung_NSCLC_adenocarcinoma",3.81771975,0,0
"77",735784,"TE-5","aero_dig_tract","oesophagus",2.99764162,0,0
"78",749709,"HCC1954","breast","breast",4.21137121,0,1
"79",749710,"HCC1143","breast","breast",3.92654645,0,0
"80",749711,"HCC1187","breast","breast",2.44111727,0,0
"81",749712,"HCC1395","breast","breast",2.30756028,0,0
"82",749714,"HCC1937","breast","breast",3.0271833,0,0
"83",749715,"HCC2157","breast","breast",3.25929986,0,0
"84",749716,"HCC2218","breast","breast",5.05328721,0,1
"85",749717,"HCC38","breast","breast",4.32138863,0,1
"86",753531,"BB30-HNC","aero_dig_tract","head and neck",1.7649038,1,0
"87",753532,"BB49-HNC","aero_dig_tract","head and neck",4.16625801,0,1
"88",753533,"BB65-RCC","kidney","kidney",1.14203318,1,0
"89",753538,"Ca9-22","aero_dig_tract","head and neck",2.14052485,0,0
"90",753539,"CADO-ES1","bone","ewings_sarcoma",2.05918957,0,0
"91",753540,"CAL-12T","lung_NSCLC","lung_NSCLC_not specified",4.96982067,0,1
"92",753541,"CAL-33","aero_dig_tract","head and neck",1.84473376,1,0
"93",753545,"CP50-MEL-B","skin","melanoma",3.62189722,0,0
"94",753546,"CP66-MEL","skin","melanoma",3.50895149,0,0
"95",753547,"CPC-N","lung_SCLC","lung_small_cell_carcinoma",2.83885448,0,0
"96",753549,"D-542MG","nervous_system","glioma",3.4575885,0,0
"97",753551,"DMS-79","lung_SCLC","lung_small_cell_carcinoma",3.08682194,0,0
"98",753552,"DSH1","urogenital_system","Bladder",3.8393146,0,0
"99",753554,"EBC-1","lung_NSCLC","lung_NSCLC_squamous_cell_carcinoma",3.36243097,0,0
"100",753555,"EC-GI-10","aero_dig_tract","oesophagus",2.64017622,0,0
"101",753556,"EPLC-272H","lung_NSCLC","lung_NSCLC_squamous_cell_carcinoma",2.80210892,0,0
"102",753558,"HA7-RCC","kidney","kidney",2.23144118,0,0
"103",753561,"HO-1-u-1","aero_dig_tract","head and neck",2.9469713,0,0
"104",753562,"HSC-2","aero_dig_tract","head and neck",3.07220819,0,0
"105",753564,"IST-SL1","lung_SCLC","lung_small_cell_carcinoma",3.53296898,0,0
"106",753565,"IST-SL2","lung_SCLC","lung_small_cell_carcinoma",3.30712326,0,0
"107",753569,"KNS-62","lung_NSCLC","lung_NSCLC_squamous_cell_carcinoma",2.67170269,0,0
"108",753573,"KYSE-140","aero_dig_tract","oesophagus",0.80851884,1,0
"109",753574,"KYSE-410","aero_dig_tract","oesophagus",2.82888353,0,0
"110",753575,"KYSE-520","aero_dig_tract","oesophagus",3.33401055,0,0
"111",753576,"KYSE-70","aero_dig_tract","oesophagus",3.36139392,0,0
"112",753577,"LB1047-RCC","kidney","kidney",1.9652189,0,0
"113",753578,"LB2241-RCC","kidney","kidney",2.48531212,0,0
"114",753579,"LB2518-MEL","skin","melanoma",4.69104441,0,1
"115",753581,"LB373-MEL-D","skin","melanoma",2.56375624,0,0
"116",753582,"LB647-SCLC","lung_SCLC","lung_small_cell_carcinoma",2.3649786,0,0
"117",753583,"LB771-HNC","aero_dig_tract","head and neck",2.75470387,0,0
"118",753584,"LB831-BLC","urogenital_system","Bladder",4.03203812,0,1
"119",753586,"LCLC-103H","lung_NSCLC","lung_NSCLC_large cell",2.47324499,0,0
"120",753588,"LU-134-A","lung_SCLC","lung_small_cell_carcinoma",2.90181491,0,0
"121",753589,"LU-165","lung_SCLC","lung_small_cell_carcinoma",5.21209078,0,1
"122",753592,"LXF-289","lung_NSCLC","lung_NSCLC_adenocarcinoma",2.52884347,0,0
"123",753594,"MS-1","lung_SCLC","lung_small_cell_carcinoma",4.40261661,0,1
"124",753595,"MZ1-PC","pancreas","pancreas",2.83792649,0,0
"125",753599,"NCI-H1304","lung_SCLC","lung_small_cell_carcinoma",3.98419859,0,1
"126",753600,"NCI-H1563","lung_NSCLC","lung_NSCLC_adenocarcinoma",3.29065972,0,0
"127",753604,"NCI-H292","lung_NSCLC","lung_NSCLC_adenocarcinoma",4.52548394,0,1
"128",753605,"NCI-H510A","lung_SCLC","lung_small_cell_carcinoma",2.70299118,0,0
"129",753607,"NCI-H835","lung_NSCLC","lung_NSCLC_carcinoid",4.23508763,0,1
"130",753608,"PC-14","lung_NSCLC","lung_NSCLC_adenocarcinoma",1.7822745,1,0
"131",753610,"SBC-3","lung_SCLC","lung_small_cell_carcinoma",1.2465788,1,0
"132",753614,"TE-15","aero_dig_tract","oesophagus",3.48151743,0,0
"133",753616,"BE2-M17","neuroblastoma","neuroblastoma",2.63525728,0,0
"134",753618,"KELLY","neuroblastoma","neuroblastoma",2.59793887,0,0
"135",753620,"SIMA","neuroblastoma","neuroblastoma",2.5113823,0,0
"136",753621,"TE-1","aero_dig_tract","oesophagus",3.27435205,0,0
"137",753623,"TE-8","aero_dig_tract","oesophagus",2.31101459,0,0
"138",753624,"CAPAN-1","pancreas","pancreas",1.81028484,1,0
"139",905935,"DU-145","urogenital_system","prostate",2.48144373,0,0
"140",905936,"HCT-116","large_intestine","large_intestine",2.79502496,0,0
"141",905937,"HCT-15","large_intestine","large_intestine",2.95124401,0,0
"142",905939,"HT-29","large_intestine","large_intestine",2.96117164,0,0
"143",905941,"NCI-H226","lung_NSCLC","lung_NSCLC_squamous_cell_carcinoma",3.54884352,0,0
"144",905942,"NCI-H23","lung_NSCLC","lung_NSCLC_adenocarcinoma",1.72652072,1,0
"145",905945,"T47D","breast","breast",4.83133468,0,1
"146",905946,"MCF7","breast","breast",3.11964243,0,0
"147",905948,"A498","kidney","kidney",3.0763274,0,0
"148",905949,"A549","lung_NSCLC","lung_NSCLC_adenocarcinoma",2.38439979,0,0
"149",905950,"ACHN","kidney","kidney",2.03556062,0,0
"150",905951,"BT-549","breast","breast",3.39025551,0,0
"151",905955,"SK-MEL-2","skin","melanoma",2.22214998,0,0
"152",905956,"SK-MEL-5","skin","melanoma",2.27571787,0,0
"153",905957,"Hs-578-T","breast","breast",2.53122876,0,0
"154",905959,"SK-OV-3","urogenital_system","ovary",3.97507714,0,1
"155",905960,"MDA-MB-231","breast","breast",2.92811184,0,0
"156",905961,"COLO-205","large_intestine","large_intestine",4.1794993,0,1
"157",905962,"SW620","large_intestine","large_intestine",1.89791326,1,0
"158",905963,"CAKI-1","kidney","kidney",2.25170954,0,0
"159",905967,"NCI-H322M","lung_NSCLC","lung_NSCLC_adenocarcinoma",4.44167672,0,1
"160",905968,"IGROV-1","urogenital_system","ovary",3.02901097,0,0
"161",905969,"OVCAR-5","urogenital_system","ovary",1.29838178,1,0
"162",905970,"EKVX","lung_NSCLC","lung_NSCLC_adenocarcinoma",6.603742,0,1
"163",905971,"HCC2998","large_intestine","large_intestine",2.72113123,0,0
"164",905972,"HOP-62","lung_NSCLC","lung_NSCLC_adenocarcinoma",1.57668114,1,0
"165",905973,"HOP-92","lung_NSCLC","lung_NSCLC_large cell",1.04574078,1,0
"166",905975,"M14","skin","melanoma",3.90986013,0,0
"167",905976,"UACC-62","skin","melanoma",2.44029675,0,0
"168",905977,"UACC-257","skin","melanoma",3.83098128,0,0
"169",905978,"RXF393","kidney","kidney",1.94276848,1,0
"170",905980,"TK10","kidney","kidney",3.28991921,0,0
"171",905982,"SNB75","nervous_system","glioma",3.87822102,0,0
"172",905983,"U251","nervous_system","glioma",2.26433048,0,0
"173",905984,"SF539","nervous_system","glioma",1.38051338,1,0
"174",905985,"SF295","nervous_system","glioma",2.40149418,0,0
"175",905986,"SF268","nervous_system","glioma",0.56730684,1,0
"176",905989,"KM12","large_intestine","large_intestine",3.81662061,0,0
"177",905990,"OVCAR-4","urogenital_system","ovary",3.00875818,0,0
"178",905991,"OVCAR-8","urogenital_system","ovary",2.40959051,0,0
"179",906693,"BxPC-3","pancreas","pancreas",2.05935145,0,0
"180",906696,"BHT-101","thyroid","thyroid",1.19158193,1,0
"181",906746,"Becker","nervous_system","glioma",2.74728498,0,0
"182",906790,"AGS","digestive_system","stomach",2.61172663,0,0
"183",906791,"ABC-1","lung_NSCLC","lung_NSCLC_adenocarcinoma",1.00270679,1,0
"184",906792,"A2058","skin","melanoma",1.36685671,1,0
"185",906793,"A375","skin","melanoma",0.30732377,1,0
"186",906794,"A253","aero_dig_tract","head and neck",2.10419852,0,0
"187",906795,"8305C","thyroid","thyroid",4.09438827,0,1
"188",906797,"647-V","urogenital_system","Bladder",2.25382445,0,0
"189",906798,"639-V","urogenital_system","Bladder",0.79692165,1,0
"190",906801,"BT-20","breast","breast",3.40673386,0,0
"191",906804,"A2780","urogenital_system","ovary",1.59466435,1,0
"192",906808,"COR-L88","lung_SCLC","lung_small_cell_carcinoma",5.20649563,0,1
"193",906812,"COLO-824","breast","breast",4.88696471,0,1
"194",906813,"COLO-800","skin","melanoma",2.55335625,0,0
"195",906817,"COLO-680N","aero_dig_tract","oesophagus",3.74516179,0,0
"196",906818,"COLO-679","skin","melanoma",2.43190916,0,0
"197",906820,"CHP-212","neuroblastoma","neuroblastoma",1.52865046,1,0
"198",906821,"CFPAC-1","pancreas","pancreas",3.26873283,0,0
"199",906823,"CCF-STTG1","nervous_system","glioma",2.96703112,0,0
"200",906824,"Ca-Ski","urogenital_system","cervix",1.15612996,1,0
"201",906826,"CAL-120","breast","breast",3.88058588,0,0
"202",906827,"CAL-72","bone","osteosarcoma",3.06460757,0,0
"203",906828,"CAL-62","thyroid","thyroid",2.75929732,0,0
"204",906830,"C32","skin","melanoma",1.80006372,1,0
"205",906833,"Daoy","nervous_system","medulloblastoma",0.55977659,1,0
"206",906834,"D-283MED","nervous_system","medulloblastoma",1.55817801,1,0
"207",906835,"DBTRG-05MG","nervous_system","glioma",2.88449877,0,0
"208",906837,"Detroit562","aero_dig_tract","head and neck",3.11997781,0,0
"209",906839,"DK-MG","nervous_system","glioma",3.90582303,0,0
"210",906841,"DJM-1","skin","skin_other",3.45389725,0,0
"211",906843,"DoTc2-4510","urogenital_system","cervix",2.22962173,0,0
"212",906844,"DU-4475","breast","breast",2.51685625,0,0
"213",906848,"ECC10","digestive_system","stomach",3.21272993,0,0
"214",906851,"EFM-19","breast","breast",4.83662136,0,1
"215",906852,"EFO-27","urogenital_system","ovary",2.90113027,0,0
"216",906853,"EGI-1","digestive_system","biliary_tract",2.32477683,0,0
"217",906861,"ETK-1","digestive_system","biliary_tract",3.52131063,0,0
"218",906862,"EVSA-T","breast","breast",2.30002564,0,0
"219",906863,"FADU","aero_dig_tract","head and neck",2.42582287,0,0
"220",906864,"FTC-133","thyroid","thyroid",1.74274528,1,0
"221",906865,"G-361","skin","melanoma",2.42326822,0,0
"222",906869,"GCIY","digestive_system","stomach",3.19052443,0,0
"223",906871,"GI-1","nervous_system","glioma",0.65518703,1,0
"224",906872,"GI-ME-N","neuroblastoma","neuroblastoma",2.76194856,0,0
"225",906873,"GMS-10","nervous_system","glioma",2.57923185,0,0
"226",906875,"GOTO","neuroblastoma","neuroblastoma",0.73765754,1,0
"227",907000,"ESS-1","urogenital_system","endometrium",1.03977579,1,0
"228",907041,"GT3TKB","digestive_system","stomach",1.80416104,1,0
"229",907042,"H4","nervous_system","glioma",1.55036587,1,0
"230",907045,"HCC1419","breast","breast",2.08166666,0,0
"231",907046,"HCC1569","breast","breast",4.96389872,0,1
"232",907048,"HCC70","breast","breast",2.28888367,0,0
"233",907051,"HEC-1","urogenital_system","endometrium",2.56221657,0,0
"234",907055,"HGC-27","digestive_system","stomach",1.90375338,1,0
"235",907058,"HMV-II","skin","melanoma",3.45188666,0,0
"236",907059,"HN","aero_dig_tract","head and neck",1.97854178,0,0
"237",907060,"HOS","bone","osteosarcoma",1.02456869,1,0
"238",907062,"HSC-4","aero_dig_tract","head and neck",0.5753385,1,0
"239",907064,"HT-1080","soft_tissue","fibrosarcoma",2.06540948,0,0
"240",907065,"HT-1197","urogenital_system","Bladder",3.51625744,0,0
"241",907066,"HT-1376","urogenital_system","Bladder",3.33405997,0,0
"242",907068,"HT-3","urogenital_system","cervix",1.5982125,1,0
"243",907069,"HuCCT1","digestive_system","biliary_tract",3.60239453,0,0
"244",907071,"HuH-7","digestive_system","liver",2.71100642,0,0
"245",907072,"HuO9","bone","osteosarcoma",2.26714397,0,0
"246",907073,"HUTU-80","digestive_system","digestive_system_other",2.39639208,0,0
"247",907169,"IGR-1","skin","melanoma",3.1461283,0,0
"248",907170,"IMR-5","neuroblastoma","neuroblastoma",1.70528295,1,0
"249",907171,"IPC-298","skin","melanoma",2.9534907,0,0
"250",907172,"IST-MEL1","skin","melanoma",2.78969802,0,0
"251",907176,"JEG-3","urogenital_system","urogenital_system_other",1.92271966,1,0
"252",907276,"KATOIII","digestive_system","stomach",3.36211877,0,0
"253",907279,"KINGS-1","nervous_system","glioma",3.23710216,0,0
"254",907282,"KNS-42","nervous_system","glioma",3.14227236,0,0
"255",907285,"HuP-T3","pancreas","pancreas",3.01674026,0,0
"256",907286,"HuP-T4","pancreas","pancreas",1.9503481,0,0
"257",907287,"HT55","large_intestine","large_intestine",4.07364738,0,1
"258",907289,"HT-115","large_intestine","large_intestine",3.37538779,0,0
"259",907295,"DMS-53","lung_SCLC","lung_small_cell_carcinoma",5.11734365,0,1
"260",907298,"G-402","soft_tissue","soft_tissue_other",1.60877715,1,0
"261",907299,"G-401","kidney","kidney",2.16806186,0,0
"262",907312,"KU-19-19","urogenital_system","Bladder",2.18948182,0,0
"263",907313,"KS-1","nervous_system","glioma",3.11050662,0,0
"264",907314,"KP-N-YN","neuroblastoma","neuroblastoma",4.85121162,0,1
"265",907317,"KYSE-150","aero_dig_tract","oesophagus",4.40828173,0,1
"266",907320,"KYSE-450","aero_dig_tract","oesophagus",3.18237199,0,0
"267",907321,"KYSE-510","aero_dig_tract","oesophagus",1.28642125,1,0
"268",907790,"LoVo","large_intestine","large_intestine",3.16872133,0,0
"269",907792,"LS-123","large_intestine","large_intestine",4.46474009,0,1
"270",907794,"LS-411N","large_intestine","large_intestine",3.88546548,0,0
"271",907795,"LS-513","large_intestine","large_intestine",3.06274091,0,0
"272",908121,"MDA-MB-361","breast","breast",2.6965246,0,0
"273",908122,"MDA-MB-453","breast","breast",4.88053692,0,1
"274",908123,"MDA-MB-468","breast","breast",1.8317888,1,0
"275",908124,"MEL-HO","skin","melanoma",2.04626608,0,0
"276",908125,"MEL-JUSO","skin","melanoma",2.52809138,0,0
"277",908127,"MES-SA","urogenital_system","uterus",1.96914043,0,0
"278",908128,"Mewo","skin","melanoma",2.58901744,0,0
"279",908129,"MFE-280","urogenital_system","endometrium",5.47842607,0,1
"280",908130,"MFE-296","urogenital_system","endometrium",2.89564034,0,0
"281",908131,"MG-63","bone","osteosarcoma",2.64534249,0,0
"282",908135,"MHH-NB-11","neuroblastoma","neuroblastoma",1.76568717,1,0
"283",908139,"MKN28","digestive_system","stomach",3.11380579,0,0
"284",908144,"MOG-G-CCM","nervous_system","glioma",1.73434111,1,0
"285",908145,"MOG-G-UVW","nervous_system","glioma",0.64627226,1,0
"286",908150,"MPP-89","lung","mesothelioma",1.87273511,1,0
"287",908151,"MRK-nu-1","breast","breast",4.64250302,0,1
"288",908152,"MSTO-211H","lung","mesothelioma",3.01655004,0,0
"289",908440,"NB69","neuroblastoma","neuroblastoma",1.96179893,0,0
"290",908443,"NCI-H520","lung_NSCLC","lung_NSCLC_squamous_cell_carcinoma",3.33337197,0,0
"291",908444,"NCI-SNU-1","digestive_system","stomach",4.00708029,0,1
"292",908445,"NCI-SNU-5","digestive_system","stomach",2.3756661,0,0
"293",908446,"NCI-SNU-16","digestive_system","stomach",3.74454395,0,0
"294",908447,"NH-12","neuroblastoma","neuroblastoma",2.35861909,0,0
"295",908449,"NMC-G1","nervous_system","glioma",2.25866292,0,0
"296",908450,"no-11","nervous_system","glioma",2.46239506,0,0
"297",908452,"no-10","nervous_system","glioma",3.80456182,0,0
"298",908454,"NTERA-2 cl.D1","urogenital_system","testis",-0.0611839,1,0
"299",908457,"NCI-H747","large_intestine","large_intestine",5.35665061,0,1
"300",908458,"NCI-H716","large_intestine","large_intestine",4.11301231,0,1
"301",908459,"NCI-H596","lung_NSCLC","lung_NSCLC_adenocarcinoma",5.09550407,0,1
"302",908460,"NCI-H441","lung_NSCLC","lung_NSCLC_adenocarcinoma",4.87241887,0,1
"303",908461,"NCI-N87","digestive_system","stomach",2.86810558,0,0
"304",908462,"NCI-H2452","lung","mesothelioma",4.51685531,0,1
"305",908465,"NCI-H358","lung_NSCLC","lung_NSCLC_adenocarcinoma",3.46982928,0,0
"306",908467,"NCI-H1155","lung_NSCLC","lung_NSCLC_large cell",1.89663326,1,0
"307",908468,"NCI-H1105","lung_SCLC","lung_small_cell_carcinoma",1.4153395,1,0
"308",908469,"NCI-H1436","lung_SCLC","lung_small_cell_carcinoma",4.7949792,0,1
"309",908470,"NCI-H28","lung","mesothelioma",3.40283688,0,0
"310",908471,"NCI-H1581","lung_NSCLC","lung_NSCLC_large cell",2.04761892,0,0
"311",908473,"NCI-H1666","lung_NSCLC","lung_NSCLC_adenocarcinoma",3.08336031,0,0
"312",908474,"NCI-H1703","lung_NSCLC","lung_NSCLC_adenocarcinoma",3.85329081,0,0
"313",908475,"NCI-H1755","lung_NSCLC","lung_NSCLC_adenocarcinoma",4.26591559,0,1
"314",908476,"NCI-H1993","lung_NSCLC","lung_NSCLC_adenocarcinoma",5.6938387,0,1
"315",908482,"NCI-H630","large_intestine","large_intestine",4.86363634,0,1
"316",908483,"NCI-H524","lung_SCLC","lung_small_cell_carcinoma",1.94884241,0,0
"317",909248,"ONS-76","nervous_system","medulloblastoma",1.08527233,1,0
"318",909250,"OS-RC-2","kidney","kidney",1.31653529,1,0
"319",909255,"PA-1","urogenital_system","ovary",0.65271913,1,0
"320",909256,"OCUB-M","breast","breast",4.149707,0,1
"321",909257,"OC-314","urogenital_system","ovary",1.98846626,0,0
"322",909263,"RCM-1","large_intestine","large_intestine",3.9666861,0,1
"323",909697,"RF-48","digestive_system","stomach",3.81600739,0,0
"324",909698,"RKO","large_intestine","large_intestine",3.06060388,0,0
"325",909699,"RMG-I","urogenital_system","ovary",5.24554642,0,1
"326",909700,"RPMI-2650","aero_dig_tract","head and neck",3.5794318,0,0
"327",909706,"RVH-421","skin","melanoma",3.83000356,0,0
"328",909707,"Saos-2","bone","osteosarcoma",3.6549063,0,0
"329",909708,"SAS","aero_dig_tract","head and neck",1.76507268,1,0
"330",909709,"SCC-9","aero_dig_tract","head and neck",3.41352327,0,0
"331",909711,"SCH","digestive_system","stomach",2.47063677,0,0
"332",909712,"SF126","nervous_system","glioma",2.16454518,0,0
"333",909713,"SH-4","skin","melanoma",4.37148171,0,1
"334",909716,"SJRH30","soft_tissue","rhabdomyosarcoma",2.53593583,0,0
"335",909717,"SJSA-1","bone","bone_other",2.8473623,0,0
"336",909719,"SK-HEP-1","digestive_system","liver",2.79995514,0,0
"337",909720,"SK-LMS-1","soft_tissue","soft_tissue_other",1.80386768,1,0
"338",909723,"SK-MEL-1","skin","melanoma",4.24904772,0,1
"339",909724,"SK-MEL-3","skin","melanoma",5.00146993,0,1
"340",909725,"SK-MEL-24","skin","melanoma",2.67717265,0,0
"341",909726,"SK-MEL-30","skin","melanoma",1.44981125,1,0
"342",909727,"SK-MEL-31","skin","melanoma",3.56396132,0,0
"343",909728,"SK-MES-1","lung_NSCLC","lung_NSCLC_squamous_cell_carcinoma",3.60387874,0,0
"344",909729,"SK-MG-1","nervous_system","glioma",1.80911524,1,0
"345",909731,"SK-PN-DW","bone","ewings_sarcoma",0.17093764,1,0
"346",909732,"SK-UT-1","soft_tissue","soft_tissue_other",2.35255183,0,0
"347",909735,"SNG-M","urogenital_system","endometrium",3.37739841,0,0
"348",909736,"SNU-387","digestive_system","liver",2.89728137,0,0
"349",909737,"SNU-423","digestive_system","liver",4.02011927,0,1
"350",909738,"SNU-449","digestive_system","liver",3.87068912,0,0
"351",909740,"SNU-C2B","large_intestine","large_intestine",3.76608034,0,0
"352",909744,"SW13","kidney","adrenal_gland",2.57627744,0,0
"353",909747,"SW1417","large_intestine","large_intestine",4.48973975,0,1
"354",909749,"SW1710","urogenital_system","Bladder",3.47727032,0,0
"355",909750,"SW1783","nervous_system","glioma",2.88419121,0,0
"356",909751,"SW48","large_intestine","large_intestine",2.373048,0,0
"357",909753,"SW626","urogenital_system","ovary",3.78794108,0,0
"358",909754,"SW684","soft_tissue","fibrosarcoma",6.11359195,0,1
"359",909757,"SW948","large_intestine","large_intestine",4.92993474,0,1
"360",909758,"SW962","urogenital_system","urogenital_system_other",3.64863651,0,0
"361",909759,"SW982","soft_tissue","soft_tissue_other",2.02519071,0,0
"362",909761,"T84","large_intestine","large_intestine",4.51494368,0,1
"363",909769,"TGBC1TKB","digestive_system","biliary_tract",3.38300593,0,0
"364",909770,"TGBC11TKB","digestive_system","stomach",3.67800719,0,0
"365",909774,"TYK-nu","urogenital_system","ovary",2.12548964,0,0
"366",909776,"U-2-OS","bone","osteosarcoma",2.34266347,0,0
"367",909778,"UACC-893","breast","breast",3.33511161,0,0
"368",909779,"UMC-11","lung_NSCLC","lung_NSCLC_carcinoid",4.6191586,0,1
"369",909781,"VMRC-RCZ","kidney","kidney",4.83830251,0,1
"370",909784,"WM-115","skin","melanoma",2.74578448,0,0
"371",909904,"YAPC","pancreas","pancreas",5.66759035,0,1
"372",909905,"YH-13","nervous_system","glioma",2.4928701,0,0
"373",909907,"ZR-75-30","breast","breast",5.23183816,0,1
"374",909974,"RCC10RGB","kidney","kidney",6.81584526,0,1
"375",909975,"KURAMOCHI","urogenital_system","ovary",1.45272846,1,0
"376",909977,"HuO-3N1","bone","osteosarcoma",3.20451243,0,0
"377",910079,"OE19","aero_dig_tract","oesophagus",3.46252665,0,0
"378",910399,"NCI-H838","lung_NSCLC","lung_NSCLC_adenocarcinoma",2.79285296,0,0
"379",910546,"PSN1","pancreas","pancreas",0.56837049,1,0
"380",910548,"OAW-42","urogenital_system","ovary",2.24770213,0,0
"381",910549,"OE33","aero_dig_tract","oesophagus",3.02130938,0,0
"382",910554,"CW-2","large_intestine","large_intestine",3.03442132,0,0
"383",910567,"CHP-126","neuroblastoma","neuroblastoma",1.99639141,0,0
"384",910568,"CGTH-W-1","thyroid","thyroid",0.7032513,1,0
"385",910569,"COLO-320-HSR","large_intestine","large_intestine",2.65749788,0,0
"386",910689,"COLO-678","large_intestine","large_intestine",5.15112214,0,1
"387",910691,"COLO-684","urogenital_system","endometrium",4.08980303,0,1
"388",910692,"COLO-668","lung_SCLC","lung_small_cell_carcinoma",3.57629653,0,0
"389",910694,"LN-405","nervous_system","glioma",3.8982589,0,0
"390",910697,"A388","skin","skin_other",2.51805306,0,0
"391",910700,"C2BBe1","large_intestine","large_intestine",2.5880388,0,0
"392",910701,"SCC-25","aero_dig_tract","head and neck",3.75350122,0,0
"393",910702,"AsPC-1","pancreas","pancreas",3.75270116,0,0
"394",910704,"AU565","breast","breast",2.1352661,0,0
"395",910779,"IA-LM","lung_NSCLC","lung_NSCLC_large cell",2.86226395,0,0
"396",910780,"TGW","neuroblastoma","neuroblastoma",2.44532072,0,0
"397",910781,"AN3-CA","urogenital_system","endometrium",2.05604739,0,0
"398",910849,"NY","bone","osteosarcoma",1.98827531,0,0
"399",910850,"C3A","digestive_system","liver",4.82630629,0,1
"400",910851,"A427","lung_NSCLC","lung_NSCLC_not specified",3.18909226,0,0
"401",910852,"CAL-85-1","breast","breast",4.0123657,0,1
"402",910853,"CHL-1","skin","melanoma",1.91339526,1,0
"403",910899,"NCI-H146","lung_SCLC","lung_small_cell_carcinoma",3.0850504,0,0
"404",910900,"NCI-H1651","lung_NSCLC","lung_NSCLC_adenocarcinoma",2.0612313,0,0
"405",910903,"RPMI-7951","skin","melanoma",1.51463742,1,0
"406",910904,"SCC-4","aero_dig_tract","head and neck",2.96794329,0,0
"407",910905,"SNU-C1","large_intestine","large_intestine",5.96850537,0,1
"408",910907,"SW1990","pancreas","pancreas",1.85683395,1,0
"409",910915,"Capan-2","pancreas","pancreas",4.42855086,0,1
"410",910916,"CAL-27","aero_dig_tract","head and neck",1.70616029,1,0
"411",910920,"A704","kidney","kidney",3.86006671,0,0
"412",910921,"A101D","skin","melanoma",1.21964257,1,0
"413",910924,"23132-87","digestive_system","stomach",4.08250986,0,1
"414",910925,"A431","skin","skin_other",3.49641869,0,0
"415",910926,"BFTC-905","urogenital_system","Bladder",1.03706867,1,0
"416",910927,"CAL-51","breast","breast",2.10602948,0,0
"417",910931,"RERF-LC-MS","lung_NSCLC","lung_NSCLC_adenocarcinoma",3.09973265,0,0
"418",910932,"GAK","skin","melanoma",4.77320313,0,1
"419",910933,"AM-38","nervous_system","glioma",2.57839505,0,0
"420",910936,"DOK","aero_dig_tract","head and neck",3.27548283,0,0
"421",910937,"COR-L279","lung_SCLC","lung_small_cell_carcinoma",1.52190368,1,0
"422",910942,"NEC8","urogenital_system","testis",1.08429874,1,0
"423",910943,"CAS-1","nervous_system","glioma",4.39632465,0,1
"424",910948,"MFM-223","breast","breast",3.35912279,0,0
"425",911905,"EFO-21","urogenital_system","ovary",4.57406323,0,1
"426",917486,"LS-1034","large_intestine","large_intestine",4.32879259,0,1
"427",924100,"22RV1","urogenital_system","prostate",3.25331341,0,0
"428",924102,"8505C","thyroid","thyroid",2.27748158,0,0
"429",924107,"CAL-39","urogenital_system","cervix",3.04806901,0,0
"430",924108,"CaR-1","large_intestine","large_intestine",5.98950909,0,1
"431",924186,"KGN","urogenital_system","ovary",2.93466338,0,0
"432",924187,"KLE","urogenital_system","endometrium",4.80880824,0,1
"433",924188,"KNS-81-FD","nervous_system","glioma",5.13251211,0,1
"434",924238,"K5","thyroid","thyroid",1.37846005,1,0
"435",924240,"MDA-MB-415","breast","breast",4.03393006,0,1
"436",924244,"NCI-H1975","lung_NSCLC","lung_NSCLC_adenocarcinoma",3.47146555,0,0
"437",924247,"SW954","urogenital_system","urogenital_system_other",2.47525323,0,0
"438",924250,"MKN7","digestive_system","stomach",3.43387833,0,0
"439",925339,"MMAC-SF","skin","melanoma",5.06959547,0,1
"440",925340,"MKN45","digestive_system","stomach",2.40342566,0,0
"441",925341,"NCI-H810","lung_NSCLC","lung_NSCLC_large cell",3.64619752,0,0
"442",925343,"MFH-ino","soft_tissue","soft_tissue_other",1.62179761,1,0
"443",925345,"NOS-1","bone","osteosarcoma",4.31229817,0,1
"444",925346,"PANC-03-27","pancreas","pancreas",2.68288298,0,0
"445",925347,"PANC-08-13","pancreas","pancreas",2.57972012,0,0
"446",930082,"RL95-2","urogenital_system","endometrium",2.7082706,0,0
"447",930083,"RO82-W-1","thyroid","thyroid",3.34467213,0,0
"448",930297,"SiHa","urogenital_system","cervix",2.79029904,0,0
"449",930298,"SKG-IIIa","urogenital_system","cervix",1.95469968,0,0
"450",930299,"TT","thyroid","thyroid",3.29984318,0,0
"451",946353,"TE-9","aero_dig_tract","oesophagus",2.87118089,0,0
"452",946354,"TE-11","aero_dig_tract","oesophagus",3.01004706,0,0
"453",946355,"TE-6","aero_dig_tract","oesophagus",3.64805835,0,0
"454",946356,"TE-12","aero_dig_tract","oesophagus",2.30515819,0,0
"455",946357,"TC-YIK","urogenital_system","cervix",1.97657228,0,0
"456",946359,"BT-474","breast","breast",5.30855924,0,1
"457",946361,"LCLC-97TM1","lung_NSCLC","lung_NSCLC_large cell",2.71889139,0,0
"458",946367,"D-247MG","nervous_system","glioma",2.47966131,0,0
"459",946368,"D-263MG","nervous_system","glioma",2.20392296,0,0
"460",946369,"D-336MG","nervous_system","glioma",3.34935177,0,0
"461",946370,"D-392MG","nervous_system","glioma",2.81830078,0,0
"462",946372,"D-423MG","nervous_system","glioma",2.67083732,0,0
"463",946373,"D-502MG","nervous_system","glioma",3.84525715,0,0
"464",946377,"D-566MG","nervous_system","glioma",1.28463628,1,0
"465",949090,"Caov-4","urogenital_system","ovary",3.86510807,0,0
"466",949093,"BT-483","breast","breast",6.5793695,0,1
"467",949094,"M059J","nervous_system","glioma",2.27361458,0,0
"468",949155,"ES8","bone","ewings_sarcoma",1.44208073,1,0
"469",949156,"ES4","bone","ewings_sarcoma",0.62974977,1,0
"470",949157,"ES6","bone","ewings_sarcoma",2.555451,0,0
"471",949158,"ES1","bone","ewings_sarcoma",1.61291633,1,0
"472",949160,"EW-7","bone","ewings_sarcoma",1.08141945,1,0
"473",949161,"EW-3","bone","ewings_sarcoma",1.07714804,1,0
"474",949163,"EW-1","bone","ewings_sarcoma",1.99967137,0,0
"475",949164,"EW-18","bone","ewings_sarcoma",3.08105023,0,0
"476",949165,"EW-16","bone","ewings_sarcoma",2.23122307,0,0
"477",949166,"EW-13","bone","ewings_sarcoma",3.63976948,0,0
"478",949167,"EW-22","bone","ewings_sarcoma",0.8077555,1,0
"479",949168,"EW-24","bone","ewings_sarcoma",3.2594749,0,0
"480",949170,"LAN-6","neuroblastoma","neuroblastoma",4.54763685,0,1
"481",949171,"NB10","neuroblastoma","neuroblastoma",1.64595698,1,0
"482",949172,"NB12","neuroblastoma","neuroblastoma",4.3715999,0,1
"483",949173,"NB6","neuroblastoma","neuroblastoma",4.74826754,0,1
"484",949175,"NB17","neuroblastoma","neuroblastoma",3.34647118,0,0
"485",949176,"NB5","neuroblastoma","neuroblastoma",1.77453819,1,0
"486",949177,"NB13","neuroblastoma","neuroblastoma",2.67338223,0,0
"487",949178,"NB14","neuroblastoma","neuroblastoma",2.39661236,0,0
"488",949179,"NB1","neuroblastoma","neuroblastoma",2.16853631,0,0
"489",971773,"RH-1","soft_tissue","rhabdomyosarcoma",2.22166525,0,0
"490",971774,"RH-18","soft_tissue","rhabdomyosarcoma",4.60638452,0,1
"491",971777,"MZ2-MEL","skin","melanoma",0.51941442,1,0
"492",998189,"LS-180","large_intestine","large_intestine",4.88243199,0,1
"493",1240121,"BICR22","aero_dig_tract","head and neck",1.52370101,1,0
"494",1240122,"BICR78","aero_dig_tract","head and neck",1.85336783,1,0
"495",1240123,"CCK-81","large_intestine","large_intestine",4.84395701,0,1
"496",1240124,"CL-40","large_intestine","large_intestine",6.02562689,0,1
"497",1240125,"COLO-783","skin","melanoma",3.20682647,0,0
"498",1240127,"EN","urogenital_system","endometrium",3.36509863,0,0
"499",1240128,"ES-2","urogenital_system","ovary",2.11347169,0,0
"500",1240129,"FU-OV-1","urogenital_system","ovary",3.807848,0,0
"501",1240130,"G-MEL","skin","melanoma",0.56203893,1,0
"502",1240132,"H2595","lung","mesothelioma",3.82016957,0,0
"503",1240134,"H2731","lung","mesothelioma",2.9279143,0,0
"504",1240138,"H2869","lung","mesothelioma",3.45953708,0,0
"505",1240139,"H290","lung","mesothelioma",1.72921364,1,0
"506",1240140,"H3118","aero_dig_tract","head and neck",2.57954639,0,0
"507",1240141,"H513","lung","mesothelioma",2.50791697,0,0
"508",1240142,"HARA","lung_NSCLC","lung_NSCLC_squamous_cell_carcinoma",2.80487845,0,0
"509",1240143,"HCC-15","lung_NSCLC","lung_NSCLC_squamous_cell_carcinoma",3.95325999,0,1
"510",1240144,"HCC-366","lung_NSCLC","lung_NSCLC_not specified",1.5631656,1,0
"511",1240145,"HCC-44","lung_NSCLC","lung_NSCLC_adenocarcinoma",0.94149415,1,0
"512",1240146,"HCC-827","lung_NSCLC","lung_NSCLC_adenocarcinoma",2.11548323,0,0
"513",1240147,"Hep 3B2_1-7","digestive_system","liver",2.65167491,0,0
"514",1240149,"Hs633T","soft_tissue","fibrosarcoma",1.38103859,1,0
"515",1240150,"Hs683","nervous_system","glioma",3.35300838,0,0
"516",1240151,"Hs746T","digestive_system","stomach",2.72121049,0,0
"517",1240153,"IGR-37","skin","melanoma",2.02501272,0,0
"518",1240154,"IHH-4","thyroid","thyroid",1.32401089,1,0
"519",1240157,"JHH-2","digestive_system","liver",3.37788913,0,0
"520",1240158,"JHH-4","digestive_system","liver",2.4224493,0,0
"521",1240159,"JHH-6","digestive_system","liver",1.45390708,1,0
"522",1240160,"JHH-7","digestive_system","liver",2.30370437,0,0
"523",1240161,"JHU-011","aero_dig_tract","head and neck",1.58335344,1,0
"524",1240162,"JHU-022","aero_dig_tract","head and neck",2.76617434,0,0
"525",1240166,"KYM-1","soft_tissue","rhabdomyosarcoma",1.36596285,1,0
"526",1240167,"KYSE-220","aero_dig_tract","oesophagus",2.03740593,0,0
"527",1240168,"LN-18","nervous_system","glioma",2.09527099,0,0
"528",1240169,"LN-229","nervous_system","glioma",2.7613307,0,0
"529",1240170,"LNZTA3WT4","nervous_system","glioma",3.05055613,0,0
"530",1240172,"MDA-MB-436","breast","breast",1.53354606,1,0
"531",1240173,"MDST8","large_intestine","large_intestine",2.49134122,0,0
"532",1240179,"MS751","urogenital_system","cervix",2.42036857,0,0
"533",1240181,"NB(TU)1-10","neuroblastoma","neuroblastoma",3.39106128,0,0
"534",1240182,"NCI-H1836","lung_SCLC","lung_small_cell_carcinoma",4.97997031,0,1
"535",1240183,"NCI-H1869","lung_NSCLC","lung_NSCLC_squamous_cell_carcinoma",3.92213199,0,0
"536",1240185,"NCI-H1944","lung_NSCLC","lung_NSCLC_adenocarcinoma",2.58844894,0,0
"537",1240187,"NCI-H2023","lung_NSCLC","lung_NSCLC_adenocarcinoma",1.92893263,1,0
"538",1240189,"NCI-H211","lung_SCLC","lung_small_cell_carcinoma",3.23760018,0,0
"539",1240190,"NCI-H3122","lung_NSCLC","lung_NSCLC_adenocarcinoma",3.36269618,0,0
"540",1240191,"NCI-H647","lung_NSCLC","lung_NSCLC_not specified",2.56878705,0,0
"541",1240192,"NCI-H841","lung_SCLC","lung_small_cell_carcinoma",2.47680887,0,0
"542",1240193,"NCI-H847","lung_SCLC","lung_small_cell_carcinoma",4.1678656,0,1
"543",1240196,"OSC-20","aero_dig_tract","head and neck",4.32083187,0,1
"544",1240197,"OV-90","urogenital_system","ovary",3.78790385,0,0
"545",1240198,"OVISE","urogenital_system","ovary",2.53230222,0,0
"546",1240199,"OVKATE","urogenital_system","ovary",5.28054011,0,1
"547",1240200,"OVMIU","urogenital_system","ovary",4.2307259,0,1
"548",1240201,"PA-TU-8988T","pancreas","pancreas",4.64342094,0,1
"549",1240202,"PC-3 [JPC-3]","lung_NSCLC","lung_NSCLC_adenocarcinoma",4.9730911,0,1
"550",1240204,"PCI-15A","aero_dig_tract","head and neck",4.94403996,0,1
"551",1240206,"PCI-6A","aero_dig_tract","head and neck",0.64743791,1,0
"552",1240207,"PE/CA-PJ15","aero_dig_tract","head and neck",3.44242888,0,0
"553",1240210,"RH-41","soft_tissue","rhabdomyosarcoma",2.54951167,0,0
"554",1240212,"SISO","urogenital_system","cervix",0.42580714,1,0
"555",1240215,"SKN","urogenital_system","uterus",2.16484858,0,0
"556",1240216,"SNU-182","digestive_system","liver",1.57420836,1,0
"557",1240218,"SU8686","pancreas","pancreas",2.54108441,0,0
"558",1240219,"SUIT-2","pancreas","pancreas",1.850836,1,0
"559",1240222,"TOV-21G","urogenital_system","ovary",0.00873101,1,0
"560",1240223,"TT2609-C02","thyroid","thyroid",2.9762827,0,0
"561",1240226,"WM278","skin","melanoma",2.81193454,0,0
"562",1247873,"H3255","lung_NSCLC","lung_NSCLC_adenocarcinoma",4.1354896,0,1
"563",1287381,"201T","lung_NSCLC","lung_NSCLC_adenocarcinoma",1.77253377,1,0
"564",1287706,"451Lu","skin","melanoma",1.67115066,1,0
"565",1290722,"ASH-3","thyroid","thyroid",2.09868478,0,0
"566",1290724,"BICR10","aero_dig_tract","head and neck",2.67775861,0,0
"567",1290730,"CAL-29","urogenital_system","Bladder",2.11251559,0,0
"568",1290765,"CAL-78","bone","chondrosarcoma",2.7940053,0,0
"569",1290767,"CHSA0011","bone","chondrosarcoma",4.21576777,0,1
"570",1290768,"CHSA0108","bone","chondrosarcoma",2.26163457,0,0
"571",1290769,"CL-11","large_intestine","large_intestine",3.91829269,0,0
"572",1290771,"CL-34","large_intestine","large_intestine",4.34092924,0,1
"573",1290795,"CS1","bone","bone_other",1.40632536,1,0
"574",1290797,"DAN-G","pancreas","pancreas",3.54701687,0,0
"575",1290798,"EFM-192A","breast","breast",4.10528849,0,1
"576",1290806,"FU97","digestive_system","stomach",3.3975984,0,0
"577",1290807,"G-292 Clone A141B1","bone","osteosarcoma",2.1222503,0,0
"578",1290808,"H2369","lung","mesothelioma",1.51450701,1,0
"579",1290809,"H2373","lung","mesothelioma",4.44689497,0,1
"580",1290810,"H2461","lung","mesothelioma",3.86023008,0,0
"581",1290812,"H2722","lung","mesothelioma",2.92903848,0,0
"582",1290813,"H2795","lung","mesothelioma",2.98785023,0,0
"583",1290905,"HCC1428","breast","breast",5.32340442,0,1
"584",1290906,"HCC202","breast","breast",3.46299122,0,0
"585",1290907,"HCC-56","large_intestine","large_intestine",3.94834459,0,1
"586",1290908,"HCC-78","lung_NSCLC","lung_NSCLC_adenocarcinoma",3.14872186,0,0
"587",1290922,"HDQ-P1","breast","breast",3.68883065,0,0
"588",1297439,"COR-L95","lung_SCLC","lung_small_cell_carcinoma",3.10257331,0,0
"589",1298134,"HeLa","urogenital_system","cervix",1.92563843,1,0
"590",1298141,"Hs766T","pancreas","pancreas",2.93015837,0,0
"591",1298146,"huH-1","digestive_system","liver",2.01899446,0,0
"592",1298151,"JHH-1","digestive_system","liver",4.18997961,0,1
"593",1298156,"JHU-029","aero_dig_tract","head and neck",1.24546469,1,0
"594",1298157,"JIMT-1","breast","breast",2.6154583,0,0
"595",1298160,"K2","skin","melanoma",2.88921127,0,0
"596",1298168,"KMRC-1","kidney","kidney",3.89013639,0,0
"597",1298169,"KMRC-20","kidney","kidney",2.494884,0,0
"598",1298215,"KON","aero_dig_tract","head and neck",2.57755901,0,0
"599",1298216,"KP-1N","pancreas","pancreas",2.75086385,0,0
"600",1298218,"KP-2","pancreas","pancreas",4.58342278,0,1
"601",1298219,"KP-3","pancreas","pancreas",2.6384046,0,0
"602",1298222,"KYSE-50","aero_dig_tract","oesophagus",3.31547759,0,0
"603",1298223,"LC-1-sq","lung_NSCLC","lung_NSCLC_squamous_cell_carcinoma",2.60067668,0,0
"604",1298226,"LOU-NH91","lung_NSCLC","lung_NSCLC_squamous_cell_carcinoma",3.39391078,0,0
"605",1298347,"NCI-H1435","lung_NSCLC","lung_NSCLC_adenocarcinoma",4.79110695,0,1
"606",1298348,"NCI-H1568","lung_NSCLC","lung_NSCLC_adenocarcinoma",4.2515211,0,1
"607",1298349,"NCI-H1688","lung_SCLC","lung_small_cell_carcinoma",3.11515871,0,0
"608",1298350,"NCI-H1781","lung_NSCLC","lung_NSCLC_adenocarcinoma",1.61848227,1,0
"609",1298351,"NCI-H2110","lung_NSCLC","lung_NSCLC_not specified",1.91387169,1,0
"610",1298352,"NCI-H2135","lung_NSCLC","lung_NSCLC_not specified",4.67301628,0,1
"611",1298353,"NCI-H2172","lung_NSCLC","lung_NSCLC_not specified",4.30875766,0,1
"612",1298356,"NCI-H2444","lung_NSCLC","lung_NSCLC_not specified",5.38332344,0,1
"613",1298357,"NUGC-4","digestive_system","stomach",3.65214299,0,0
"614",1298358,"OCUM-1","digestive_system","stomach",3.34553576,0,0
"615",1298359,"OE21","aero_dig_tract","oesophagus",3.57068356,0,0
"616",1298365,"OVTOKO","urogenital_system","ovary",1.48238339,1,0
"617",1298475,"PANC-02-03","pancreas","pancreas",3.62695727,0,0
"618",1298476,"PANC-04-03","pancreas","pancreas",5.28494629,0,1
"619",1298526,"PA-TU-8902","pancreas","pancreas",3.38580188,0,0
"620",1298529,"PCI-30","aero_dig_tract","head and neck",2.49962108,0,0
"621",1298531,"PCI-4B","aero_dig_tract","head and neck",1.26563335,1,0
"622",1298533,"PL4","pancreas","pancreas",4.22185277,0,1
"623",1298534,"QGP-1","pancreas","pancreas",6.31644654,0,1
"624",1298537,"RERF-LC-KJ","lung_NSCLC","lung_NSCLC_adenocarcinoma",2.6881836,0,0
"625",1298538,"RERF-LC-Sq1","lung_NSCLC","lung_NSCLC_squamous_cell_carcinoma",4.44426123,0,1
"626",1298539,"RKN","urogenital_system","ovary",2.6490294,0,0
"627",1299050,"SAT","aero_dig_tract","head and neck",2.32613325,0,0
"628",1299052,"SCC90","aero_dig_tract","head and neck",2.88577585,0,0
"629",1299059,"SKN-3","aero_dig_tract","head and neck",1.71207585,1,0
"630",1299061,"STS-0421","soft_tissue","soft_tissue_other",2.78614203,0,0
"631",1299062,"SW1271","lung_SCLC","lung_small_cell_carcinoma",3.65221478,0,0
"632",1299064,"T-T","aero_dig_tract","oesophagus",3.17186044,0,0
"633",1299070,"TOV-112D","urogenital_system","ovary",2.58955988,0,0
"634",1299075,"VCaP","urogenital_system","prostate",5.06352415,0,1
"635",1299078,"WM1552C","skin","melanoma",2.42658251,0,0
"636",1299080,"WM35","skin","melanoma",2.00706923,0,0
"637",1299081,"WM793B","skin","melanoma",2.57426229,0,0
"638",1303900,"HCC1500","breast","breast",5.03717717,0,1
"639",1303912,"CHSA8926","bone","chondrosarcoma",2.51601073,0,0
"640",1322213,"COR-L321","lung","Lung_other",4.65568617,0,1
"641",1322224,"HSC-39","digestive_system","stomach",3.16916986,0,0
"642",1330941,"MDA-MB-330","breast","breast",5.1653176,0,1
"643",1330964,"NCI-H1341","lung_SCLC","lung_small_cell_carcinoma",1.7315373,1,0
"644",1330972,"NCI-H1876","lung_SCLC","lung_small_cell_carcinoma",-0.00098983,1,0
"645",1330993,"PWR-1E","urogenital_system","prostate",1.86549737,1,0
"646",1479987,"DOV13","urogenital_system","ovary",2.61201641,0,0
"647",1479988,"Hey","urogenital_system","ovary",2.70506493,0,0
"648",1479995,"JHOS-2","urogenital_system","ovary",3.75838481,0,0
"649",1480358,"JHOS-3","urogenital_system","ovary",3.69672588,0,0
"650",1480359,"JHOS-4","urogenital_system","ovary",2.91374261,0,0
"651",1480360,"OV-7","urogenital_system","ovary",3.3104168,0,0
"652",1480361,"OV-17R","urogenital_system","ovary",4.16662572,0,1
"653",1480362,"OV-56","urogenital_system","ovary",0.81399489,1,0
"654",1480364,"OVCA420","urogenital_system","ovary",4.74447344,0,1
"655",1480371,"OVK-18","urogenital_system","ovary",1.94595843,1,0
"656",1480372,"PEO1","urogenital_system","ovary",2.2421598,0,0
"657",1480374,"UWB1.289","urogenital_system","ovary",3.53376979,0,0
"658",1503361,"FLO-1","aero_dig_tract","oesophagus",2.93173998,0,0
"659",1503362,"OACp4C","aero_dig_tract","oesophagus",2.25965267,0,0
"660",1503363,"OACM5-1","aero_dig_tract","oesophagus",3.18921025,0,0
"661",1503364,"SK-GT-2","digestive_system","stomach",2.19442309,0,0
"662",1503365,"SK-GT-4","aero_dig_tract","oesophagus",3.03864455,0,0
"663",1503366,"ESO26","aero_dig_tract","oesophagus",2.35586411,0,0
"664",1503367,"ESO51","aero_dig_tract","oesophagus",5.24777692,0,1
"665",1503368,"KYAE-1","aero_dig_tract","oesophagus",3.596484,0,0
"666",1503369,"EMC-BAC-1","lung_NSCLC","lung_NSCLC_adenocarcinoma",2.93589347,0,0
"667",1503370,"EMC-BAC-2","lung_NSCLC","lung_NSCLC_adenocarcinoma",2.17574754,0,0
"668",1503371,"TE-4","aero_dig_tract","oesophagus",3.13332381,0,0
"669",1509073,"NCC010","kidney","kidney",2.93526527,0,0
"670",1509074,"NCC021","kidney","kidney",4.01124092,0,1
"671",1524414,"RCC-FG2","kidney","kidney",1.39425247,1,0
"672",1524415,"RCC-JF","kidney","kidney",-0.27303838,1,0
"673",1524416,"RCC-JW","kidney","kidney",-0.43123565,1,0
"674",1524417,"RCC-ER","kidney","kidney",2.23882946,0,0
"675",1524418,"RCC-AB","kidney","kidney",4.23777285,0,1
"676",1524419,"RCC-MF","kidney","kidney",-0.97912484,1,0
"677",1660034,"SNU-407","large_intestine","large_intestine",2.92955928,0,0
"678",1660035,"SNU-61","large_intestine","large_intestine",3.92745509,0,0
"679",1660036,"SNU-81","large_intestine","large_intestine",4.22835955,0,1
"680",1674021,"SNU-C5","large_intestine","large_intestine",2.72107393,0,0
