"","COSMIC_ID","Cell_line_name","Cell_line_tissue_type","Cell_line_tissue_type_2","LN_IC50","res_sens"
"1",683667,"PFSK-1","nervous_system","medulloblastoma",-1.0296149,1
"2",684052,"A673","soft_tissue","rhabdomyosarcoma",-1.54576879,1
"3",684055,"ES3","bone","ewings_sarcoma",-2.93565597,1
"4",684057,"ES5","bone","ewings_sarcoma",-0.15898577,1
"5",684059,"ES7","bone","ewings_sarcoma",-3.49532184,1
"6",684062,"EW-11","bone","ewings_sarcoma",-1.06077102,1
"7",684072,"SK-ES-1","bone","ewings_sarcoma",-3.06661317,1
"8",684681,"NCI-H1395","lung_NSCLC","lung_NSCLC_adenocarcinoma",2.12135199,1
"9",687448,"COLO-829","skin","melanoma",0.12215871,1
"10",687452,"5637","urogenital_system","Bladder",-3.79709982,1
"11",687455,"RT4","urogenital_system","Bladder",-0.19393842,1
"12",687457,"SW780","urogenital_system","Bladder",2.01860051,1
"13",687459,"TCCSUP","urogenital_system","Bladder",-0.51971814,1
"14",687505,"C-33-A","urogenital_system","cervix",-3.12837434,1
"15",687506,"C-4-I","urogenital_system","cervix",-2.48747777,1
"16",687514,"ME-180","urogenital_system","cervix",-1.94659529,1
"17",687561,"42-MG-BA","nervous_system","glioma",-1.10344331,1
"18",687562,"8-MG-BA","nervous_system","glioma",-3.6147241,1
"19",687563,"A172","nervous_system","glioma",-2.61868726,1
"20",687568,"GB-1","nervous_system","glioma",-1.32174678,1
"21",687586,"T98G","nervous_system","glioma",0.4262797,1
"22",687588,"U-118-MG","nervous_system","glioma",-0.13946087,1
"23",687590,"U-87-MG","nervous_system","glioma",-1.35335431,1
"24",687592,"YKG-1","nervous_system","glioma",-3.69499034,1
"25",687596,"ChaGo-K-1","lung_NSCLC","lung_NSCLC_not specified",-2.19187534,1
"26",687600,"NCI-H720","lung_NSCLC","lung_NSCLC_carcinoid",1.10171531,1
"27",687777,"Calu-3","lung_NSCLC","lung_NSCLC_adenocarcinoma",-3.04921362,1
"28",687780,"COR-L23","lung_NSCLC","lung_NSCLC_large cell",-3.35276317,1
"29",687787,"LK-2","lung_NSCLC","lung_NSCLC_squamous_cell_carcinoma",-0.66655939,1
"30",687798,"NCI-H1623","lung_NSCLC","lung_NSCLC_adenocarcinoma",-0.4695839,1
"31",687799,"NCI-H1648","lung_NSCLC","lung_NSCLC_adenocarcinoma",-2.26908012,1
"32",687802,"NCI-H1693","lung_NSCLC","lung_NSCLC_adenocarcinoma",-1.26208853,1
"33",687804,"NCI-H1770","lung_NSCLC","lung_NSCLC_not specified",-2.09043356,1
"34",687807,"NCI-H1838","lung_NSCLC","lung_NSCLC_adenocarcinoma",-0.87450676,1
"35",687812,"NCI-H2085","lung_NSCLC","lung_NSCLC_adenocarcinoma",-1.54354534,1
"36",687815,"NCI-H2170","lung_NSCLC","lung_NSCLC_squamous_cell_carcinoma",-2.16426742,1
"37",687816,"NCI-H2228","lung_NSCLC","lung_NSCLC_adenocarcinoma",-4.57588335,0
"38",687819,"NCI-H2342","lung_NSCLC","lung_NSCLC_adenocarcinoma",-3.2474934,1
"39",687820,"NCI-H2347","lung_NSCLC","lung_NSCLC_adenocarcinoma",-1.89571243,1
"40",687821,"NCI-H2405","lung_NSCLC","lung_NSCLC_adenocarcinoma",-1.43834704,1
"41",687829,"NCI-H661","lung_NSCLC","lung_NSCLC_large cell",-3.06436983,1
"42",687983,"DMS-114","lung_SCLC","lung_small_cell_carcinoma",-0.79011802,1
"43",687985,"DMS-273","lung_SCLC","lung_small_cell_carcinoma",-2.77367715,1
"44",687995,"NCI-H1048","lung_SCLC","lung_small_cell_carcinoma",-2.27717997,1
"45",687997,"NCI-H1092","lung_SCLC","lung_small_cell_carcinoma",-0.40097694,1
"46",688001,"NCI-H1417","lung_SCLC","lung_small_cell_carcinoma",-0.97032888,1
"47",688006,"NCI-H1694","lung_SCLC","lung_small_cell_carcinoma",-2.05168351,1
"48",688007,"NCI-H187","lung_SCLC","lung_small_cell_carcinoma",-0.58314401,1
"49",688010,"NCI-H1963","lung_SCLC","lung_small_cell_carcinoma",-0.83698819,1
"50",688011,"NCI-H2029","lung_SCLC","lung_small_cell_carcinoma",-0.0952523,1
"51",688013,"NCI-H209","lung_SCLC","lung_small_cell_carcinoma",-3.09984674,1
"52",688014,"NCI-H2141","lung_SCLC","lung_small_cell_carcinoma",-0.50729164,1
"53",688018,"NCI-H2227","lung_SCLC","lung_small_cell_carcinoma",1.08273746,1
"54",688021,"NCI-H345","lung_SCLC","lung_small_cell_carcinoma",0.61386887,1
"55",688023,"NCI-H446","lung_SCLC","lung_small_cell_carcinoma",0.4859465,1
"56",688025,"NCI-H526","lung_SCLC","lung_small_cell_carcinoma",-3.02604946,1
"57",688026,"NCI-H64","lung_SCLC","lung_small_cell_carcinoma",-2.0253411,1
"58",688027,"NCI-H69","lung_SCLC","lung_small_cell_carcinoma",-0.73671081,1
"59",688031,"NCI-H82","lung_SCLC","lung_small_cell_carcinoma",0.30768463,1
"60",688058,"NCI-H2052","lung","mesothelioma",-1.78339334,1
"61",688086,"SK-N-DZ","neuroblastoma","neuroblastoma",0.02112905,1
"62",688087,"SK-N-FI","neuroblastoma","neuroblastoma",1.54936895,1
"63",688121,"VA-ES-BJ","soft_tissue","soft_tissue_other",-3.10135468,1
"64",713878,"LU-139","lung_SCLC","lung_small_cell_carcinoma",-0.97825031,1
"65",713880,"SBC-5","lung_SCLC","lung_small_cell_carcinoma",-3.37438336,1
"66",713885,"SBC-1","lung_SCLC","lung_small_cell_carcinoma",-2.2542978,1
"67",713899,"LU-135","lung_SCLC","lung_small_cell_carcinoma",-4.00137393,0
"68",717431,"SK-N-SH","neuroblastoma","neuroblastoma",-2.81943659,1
"69",722045,"NCI-H2030","lung_NSCLC","lung_NSCLC_adenocarcinoma",-3.59120963,1
"70",722046,"NCI-H2122","lung_NSCLC","lung_NSCLC_adenocarcinoma",-3.5019475,1
"71",722058,"NCI-H1734","lung_NSCLC","lung_NSCLC_adenocarcinoma",-2.91234237,1
"72",722066,"NCI-H650","lung_NSCLC","lung_NSCLC_adenocarcinoma",-1.50418979,1
"73",724812,"T-24","urogenital_system","Bladder",-1.23476137,1
"74",724828,"SK-N-AS","neuroblastoma","neuroblastoma",0.52149432,1
"75",724831,"NCI-H1299","lung_NSCLC","lung_NSCLC_large cell",-3.2175458,1
"76",724834,"NCI-H2087","lung_NSCLC","lung_NSCLC_adenocarcinoma",-2.97726446,1
"77",724838,"UM-UC-3","urogenital_system","Bladder",-2.36346233,1
"78",724839,"SW756","urogenital_system","cervix",-1.08079272,1
"79",724855,"NCI-H727","lung_NSCLC","lung_NSCLC_carcinoid",-3.43848089,1
"80",724859,"Calu-6","lung_NSCLC","lung_NSCLC_adenocarcinoma",-1.18254863,1
"81",724863,"LU-65","lung_NSCLC","lung_NSCLC_large cell",-0.86544918,1
"82",724866,"NCI-H1355","lung_NSCLC","lung_NSCLC_adenocarcinoma",-2.39853821,1
"83",724868,"NCI-H1792","lung_NSCLC","lung_NSCLC_adenocarcinoma",-0.84707192,1
"84",724869,"HPAF-II","pancreas","pancreas",-0.52192097,1
"85",724870,"MIA-PaCa-2","pancreas","pancreas",-3.32431368,1
"86",724872,"SHP-77","lung_SCLC","lung_small_cell_carcinoma",1.64048246,1
"87",724873,"NCI-H2009","lung_NSCLC","lung_NSCLC_adenocarcinoma",-2.78670436,1
"88",724874,"NCI-H2291","lung_NSCLC","lung_NSCLC_adenocarcinoma",2.89020312,1
"89",724878,"SW1573","lung_NSCLC","lung_NSCLC_adenocarcinoma",-2.38016815,1
"90",724879,"SW900","lung_NSCLC","lung_NSCLC_squamous_cell_carcinoma",-1.8169244,1
"91",735784,"TE-5","aero_dig_tract","oesophagus",-3.09964721,1
"92",749709,"HCC1954","breast","breast",-1.00438877,1
"93",749710,"HCC1143","breast","breast",1.96141249,1
"94",749711,"HCC1187","breast","breast",-0.37072871,1
"95",749712,"HCC1395","breast","breast",1.08760397,1
"96",749713,"HCC1599","breast","breast",-2.70971802,1
"97",749714,"HCC1937","breast","breast",-1.99571697,1
"98",749715,"HCC2157","breast","breast",-2.75937102,1
"99",749716,"HCC2218","breast","breast",-1.80159442,1
"100",749717,"HCC38","breast","breast",-3.10796062,1
"101",753531,"BB30-HNC","aero_dig_tract","head and neck",-3.84466021,1
"102",753533,"BB65-RCC","kidney","kidney",-2.73943456,1
"103",753534,"BEN","lung_NSCLC","lung_NSCLC_not specified",0.10134253,1
"104",753535,"BHY","aero_dig_tract","head and neck",-3.45793269,1
"105",753538,"Ca9-22","aero_dig_tract","head and neck",-2.72332193,1
"106",753540,"CAL-12T","lung_NSCLC","lung_NSCLC_not specified",-3.78120618,1
"107",753541,"CAL-33","aero_dig_tract","head and neck",-3.02408738,1
"108",753545,"CP50-MEL-B","skin","melanoma",0.64117371,1
"109",753546,"CP66-MEL","skin","melanoma",0.564613,1
"110",753547,"CPC-N","lung_SCLC","lung_small_cell_carcinoma",-2.66574527,1
"111",753549,"D-542MG","nervous_system","glioma",-0.11244916,1
"112",753551,"DMS-79","lung_SCLC","lung_small_cell_carcinoma",0.55900401,1
"113",753552,"DSH1","urogenital_system","Bladder",-1.64321752,1
"114",753554,"EBC-1","lung_NSCLC","lung_NSCLC_squamous_cell_carcinoma",-2.556724,1
"115",753555,"EC-GI-10","aero_dig_tract","oesophagus",1.49681401,1
"116",753556,"EPLC-272H","lung_NSCLC","lung_NSCLC_squamous_cell_carcinoma",-2.04465698,1
"117",753558,"HA7-RCC","kidney","kidney",-0.90520274,1
"118",753559,"HCE-4","aero_dig_tract","oesophagus",-3.89191841,1
"119",753561,"HO-1-u-1","aero_dig_tract","head and neck",-2.1208325,1
"120",753562,"HSC-2","aero_dig_tract","head and neck",-3.56049885,1
"121",753564,"IST-SL1","lung_SCLC","lung_small_cell_carcinoma",-0.63473211,1
"122",753565,"IST-SL2","lung_SCLC","lung_small_cell_carcinoma",-2.62015235,1
"123",753566,"J82","urogenital_system","Bladder",-3.66147414,1
"124",753570,"KOSC-2","aero_dig_tract","head and neck",-1.52978197,1
"125",753572,"KP-4","pancreas","pancreas",-2.92114813,1
"126",753573,"KYSE-140","aero_dig_tract","oesophagus",-3.02440755,1
"127",753574,"KYSE-410","aero_dig_tract","oesophagus",-2.35776151,1
"128",753575,"KYSE-520","aero_dig_tract","oesophagus",-1.68408002,1
"129",753576,"KYSE-70","aero_dig_tract","oesophagus",-1.55298674,1
"130",753577,"LB1047-RCC","kidney","kidney",-3.28379698,1
"131",753578,"LB2241-RCC","kidney","kidney",-1.3159844,1
"132",753579,"LB2518-MEL","skin","melanoma",-0.98932533,1
"133",753581,"LB373-MEL-D","skin","melanoma",-1.67333622,1
"134",753582,"LB647-SCLC","lung_SCLC","lung_small_cell_carcinoma",-2.16332465,1
"135",753583,"LB771-HNC","aero_dig_tract","head and neck",0.98794873,1
"136",753584,"LB831-BLC","urogenital_system","Bladder",-1.39633347,1
"137",753585,"LB996-RCC","kidney","kidney",-2.69593244,1
"138",753586,"LCLC-103H","lung_NSCLC","lung_NSCLC_large cell",-3.87209635,1
"139",753588,"LU-134-A","lung_SCLC","lung_small_cell_carcinoma",-2.54301567,1
"140",753589,"LU-165","lung_SCLC","lung_small_cell_carcinoma",-0.42814093,1
"141",753592,"LXF-289","lung_NSCLC","lung_NSCLC_adenocarcinoma",-3.12991393,1
"142",753594,"MS-1","lung_SCLC","lung_small_cell_carcinoma",-1.48343734,1
"143",753595,"MZ1-PC","pancreas","pancreas",-3.50859379,1
"144",753596,"MZ7-mel","skin","melanoma",-2.18333361,1
"145",753599,"NCI-H1304","lung_SCLC","lung_small_cell_carcinoma",-1.04357667,1
"146",753600,"NCI-H1563","lung_NSCLC","lung_NSCLC_adenocarcinoma",-0.69285491,1
"147",753604,"NCI-H292","lung_NSCLC","lung_NSCLC_adenocarcinoma",-2.92927631,1
"148",753605,"NCI-H510A","lung_SCLC","lung_small_cell_carcinoma",-1.36972391,1
"149",753608,"PC-14","lung_NSCLC","lung_NSCLC_adenocarcinoma",-1.45742573,1
"150",753610,"SBC-3","lung_SCLC","lung_small_cell_carcinoma",-4.18060535,0
"151",753614,"TE-15","aero_dig_tract","oesophagus",-3.51197091,1
"152",753616,"BE2-M17","neuroblastoma","neuroblastoma",-0.28406189,1
"153",753618,"KELLY","neuroblastoma","neuroblastoma",-0.57843803,1
"154",753620,"SIMA","neuroblastoma","neuroblastoma",-0.78560253,1
"155",753621,"TE-1","aero_dig_tract","oesophagus",-2.66142265,1
"156",753622,"TE-10","aero_dig_tract","oesophagus",-2.03382799,1
"157",753623,"TE-8","aero_dig_tract","oesophagus",-4.72866413,0
"158",753624,"CAPAN-1","pancreas","pancreas",-2.99398957,1
"159",905933,"OVCAR-3","urogenital_system","ovary",-1.05143308,1
"160",905934,"PC-3","urogenital_system","prostate",0.10786853,1
"161",905935,"DU-145","urogenital_system","prostate",-2.63318286,1
"162",905936,"HCT-116","large_intestine","large_intestine",-1.55697976,1
"163",905937,"HCT-15","large_intestine","large_intestine",0.48081985,1
"164",905939,"HT-29","large_intestine","large_intestine",-3.11905572,1
"165",905941,"NCI-H226","lung_NSCLC","lung_NSCLC_squamous_cell_carcinoma",-1.19341403,1
"166",905942,"NCI-H23","lung_NSCLC","lung_NSCLC_adenocarcinoma",-1.14615942,1
"167",905944,"NCI-H522","lung_NSCLC","lung_NSCLC_adenocarcinoma",-3.09949886,1
"168",905945,"T47D","breast","breast",-0.65684941,1
"169",905946,"MCF7","breast","breast",-4.61415584,0
"170",905947,"786-0","kidney","kidney",-4.48559145,0
"171",905948,"A498","kidney","kidney",1.80947605,1
"172",905950,"ACHN","kidney","kidney",-2.92304766,1
"173",905954,"SK-MEL-28","skin","melanoma",1.90490451,1
"174",905955,"SK-MEL-2","skin","melanoma",-1.51357635,1
"175",905957,"Hs-578-T","breast","breast",0.74887044,1
"176",905959,"SK-OV-3","urogenital_system","ovary",-3.41812436,1
"177",905960,"MDA-MB-231","breast","breast",0.21475806,1
"178",905961,"COLO-205","large_intestine","large_intestine",-3.87695781,1
"179",905962,"SW620","large_intestine","large_intestine",-3.53597881,1
"180",905963,"CAKI-1","kidney","kidney",-1.48919063,1
"181",905967,"NCI-H322M","lung_NSCLC","lung_NSCLC_adenocarcinoma",3.36798152,1
"182",905969,"OVCAR-5","urogenital_system","ovary",-2.10311125,1
"183",905970,"EKVX","lung_NSCLC","lung_NSCLC_adenocarcinoma",-1.22927392,1
"184",905971,"HCC2998","large_intestine","large_intestine",-3.87326132,1
"185",905972,"HOP-62","lung_NSCLC","lung_NSCLC_adenocarcinoma",-3.29845008,1
"186",905973,"HOP-92","lung_NSCLC","lung_NSCLC_large cell",-1.09861849,1
"187",905974,"LOXIMVI","skin","melanoma",-1.05117159,1
"188",905975,"M14","skin","melanoma",-0.14630865,1
"189",905976,"UACC-62","skin","melanoma",-0.4663328,1
"190",905977,"UACC-257","skin","melanoma",-0.94975161,1
"191",905978,"RXF393","kidney","kidney",-1.95884583,1
"192",905979,"SN12C","kidney","kidney",-0.89901237,1
"193",905980,"TK10","kidney","kidney",-2.18967962,1
"194",905981,"U031","kidney","kidney",-1.17512267,1
"195",905982,"SNB75","nervous_system","glioma",-2.0802884,1
"196",905983,"U251","nervous_system","glioma",-2.59568711,1
"197",905984,"SF539","nervous_system","glioma",-2.14365587,1
"198",905985,"SF295","nervous_system","glioma",-3.01379995,1
"199",905986,"SF268","nervous_system","glioma",-2.39208981,1
"200",905989,"KM12","large_intestine","large_intestine",-1.48948878,1
"201",905990,"OVCAR-4","urogenital_system","ovary",-1.89244909,1
"202",905991,"OVCAR-8","urogenital_system","ovary",-3.08827508,1
"203",906693,"BxPC-3","pancreas","pancreas",-1.83949274,1
"204",906696,"BHT-101","thyroid","thyroid",-0.99242089,1
"205",906746,"Becker","nervous_system","glioma",-0.64989034,1
"206",906790,"AGS","digestive_system","stomach",-4.12859337,0
"207",906791,"ABC-1","lung_NSCLC","lung_NSCLC_adenocarcinoma",-2.62169439,1
"208",906792,"A2058","skin","melanoma",-3.91035205,1
"209",906793,"A375","skin","melanoma",-4.38111747,0
"210",906794,"A253","aero_dig_tract","head and neck",-3.0856393,1
"211",906795,"8305C","thyroid","thyroid",-2.48887434,1
"212",906797,"647-V","urogenital_system","Bladder",-3.44468052,1
"213",906798,"639-V","urogenital_system","Bladder",-3.97215187,0
"214",906801,"BT-20","breast","breast",0.09867793,1
"215",906804,"A2780","urogenital_system","ovary",-2.66094438,1
"216",906805,"COR-L105","lung_NSCLC","lung_NSCLC_adenocarcinoma",-1.90462039,1
"217",906808,"COR-L88","lung_SCLC","lung_small_cell_carcinoma",1.02810445,1
"218",906812,"COLO-824","breast","breast",0.83130385,1
"219",906813,"COLO-800","skin","melanoma",-2.30148167,1
"220",906814,"COLO-792","skin","melanoma",0.26502816,1
"221",906817,"COLO-680N","aero_dig_tract","oesophagus",-3.14689484,1
"222",906818,"COLO-679","skin","melanoma",-4.06419176,0
"223",906820,"CHP-212","neuroblastoma","neuroblastoma",-3.12594842,1
"224",906821,"CFPAC-1","pancreas","pancreas",-2.22391442,1
"225",906823,"CCF-STTG1","nervous_system","glioma",-3.56599866,1
"226",906824,"Ca-Ski","urogenital_system","cervix",-3.02627416,1
"227",906826,"CAL-120","breast","breast",-0.20114117,1
"228",906827,"CAL-72","bone","osteosarcoma",-1.18088129,1
"229",906828,"CAL-62","thyroid","thyroid",-3.28308049,1
"230",906830,"C32","skin","melanoma",1.97335356,1
"231",906833,"Daoy","nervous_system","medulloblastoma",-4.45344251,0
"232",906834,"D-283MED","nervous_system","medulloblastoma",-1.3650737,1
"233",906835,"DBTRG-05MG","nervous_system","glioma",-2.65810174,1
"234",906837,"Detroit562","aero_dig_tract","head and neck",-1.4859181,1
"235",906839,"DK-MG","nervous_system","glioma",3.14303347,1
"236",906841,"DJM-1","skin","skin_other",-2.23216227,1
"237",906843,"DoTc2-4510","urogenital_system","cervix",-3.27084835,1
"238",906844,"DU-4475","breast","breast",-4.63699533,0
"239",906848,"ECC10","digestive_system","stomach",-1.62087227,1
"240",906851,"EFM-19","breast","breast",-0.7574332,1
"241",906852,"EFO-27","urogenital_system","ovary",-2.21869288,1
"242",906853,"EGI-1","digestive_system","biliary_tract",-0.89540008,1
"243",906861,"ETK-1","digestive_system","biliary_tract",-2.39152171,1
"244",906862,"EVSA-T","breast","breast",-0.2421153,1
"245",906863,"FADU","aero_dig_tract","head and neck",-2.14447009,1
"246",906864,"FTC-133","thyroid","thyroid",-1.24539328,1
"247",906865,"G-361","skin","melanoma",-3.53654285,1
"248",906868,"GAMG","nervous_system","glioma",-2.75537157,1
"249",906869,"GCIY","digestive_system","stomach",-0.25700495,1
"250",906871,"GI-1","nervous_system","glioma",-2.60649632,1
"251",906872,"GI-ME-N","neuroblastoma","neuroblastoma",-2.53947521,1
"252",906873,"GMS-10","nervous_system","glioma",-0.56397389,1
"253",906875,"GOTO","neuroblastoma","neuroblastoma",-1.05864999,1
"254",906999,"GCT","soft_tissue","soft_tissue_other",-0.70734658,1
"255",907000,"ESS-1","urogenital_system","endometrium",-4.5057315,0
"256",907041,"GT3TKB","digestive_system","stomach",-3.34191037,1
"257",907042,"H4","nervous_system","glioma",-2.7013012,1
"258",907045,"HCC1419","breast","breast",-0.12648825,1
"259",907046,"HCC1569","breast","breast",-2.20292074,1
"260",907047,"HCC1806","breast","breast",-2.42944994,1
"261",907048,"HCC70","breast","breast",-0.51189216,1
"262",907051,"HEC-1","urogenital_system","endometrium",-1.71709524,1
"263",907055,"HGC-27","digestive_system","stomach",-4.66665068,0
"264",907057,"HLE","digestive_system","liver",-3.22994912,1
"265",907058,"HMV-II","skin","melanoma",-4.20670665,0
"266",907059,"HN","aero_dig_tract","head and neck",-1.01195612,1
"267",907060,"HOS","bone","osteosarcoma",-3.5542974,1
"268",907061,"HSC-3","aero_dig_tract","head and neck",-2.80653454,1
"269",907062,"HSC-4","aero_dig_tract","head and neck",-2.52225655,1
"270",907064,"HT-1080","soft_tissue","fibrosarcoma",-4.24590183,0
"271",907065,"HT-1197","urogenital_system","Bladder",-1.40080721,1
"272",907066,"HT-1376","urogenital_system","Bladder",-1.66571559,1
"273",907067,"HT-144","skin","melanoma",-4.82686536,0
"274",907068,"HT-3","urogenital_system","cervix",-2.02445037,1
"275",907069,"HuCCT1","digestive_system","biliary_tract",-2.55509819,1
"276",907071,"HuH-7","digestive_system","liver",-1.3441164,1
"277",907072,"HuO9","bone","osteosarcoma",0.83228652,1
"278",907073,"HUTU-80","digestive_system","digestive_system_other",-5.15084609,0
"279",907169,"IGR-1","skin","melanoma",-3.15778559,1
"280",907170,"IMR-5","neuroblastoma","neuroblastoma",-3.33881155,1
"281",907171,"IPC-298","skin","melanoma",-1.7435719,1
"282",907172,"IST-MEL1","skin","melanoma",-3.61384562,1
"283",907173,"IST-MES1","lung","mesothelioma",-1.57336422,1
"284",907175,"JAR","urogenital_system","urogenital_system_other",-0.59354448,1
"285",907176,"JEG-3","urogenital_system","urogenital_system_other",-2.20803072,1
"286",907271,"KALS-1","nervous_system","glioma",-3.48952183,1
"287",907279,"KINGS-1","nervous_system","glioma",0.06275396,1
"288",907282,"KNS-42","nervous_system","glioma",-1.40035198,1
"289",907285,"HuP-T3","pancreas","pancreas",-1.91378147,1
"290",907286,"HuP-T4","pancreas","pancreas",-2.82984115,1
"291",907287,"HT55","large_intestine","large_intestine",0.25761068,1
"292",907289,"HT-115","large_intestine","large_intestine",2.4584441,1
"293",907290,"H-EMC-SS","bone","chondrosarcoma",-1.45592329,1
"294",907291,"GP5d","large_intestine","large_intestine",-3.01825422,1
"295",907295,"DMS-53","lung_SCLC","lung_small_cell_carcinoma",0.37847247,1
"296",907298,"G-402","soft_tissue","soft_tissue_other",-2.28889781,1
"297",907299,"G-401","kidney","kidney",-3.60168832,1
"298",907312,"KU-19-19","urogenital_system","Bladder",0.45851189,1
"299",907313,"KS-1","nervous_system","glioma",-4.94201194,0
"300",907314,"KP-N-YN","neuroblastoma","neuroblastoma",0.6961512,1
"301",907317,"KYSE-150","aero_dig_tract","oesophagus",-3.89688828,1
"302",907318,"KYSE-180","aero_dig_tract","oesophagus",-2.7220907,1
"303",907319,"KYSE-270","aero_dig_tract","oesophagus",-4.84099773,0
"304",907320,"KYSE-450","aero_dig_tract","oesophagus",-3.17753711,1
"305",907321,"KYSE-510","aero_dig_tract","oesophagus",-4.0747697,0
"306",907786,"LC-2-ad","lung_NSCLC","lung_NSCLC_adenocarcinoma",-4.72645291,0
"307",907788,"LNCaP-Clone-FGC","urogenital_system","prostate",-1.6673926,1
"308",907790,"LoVo","large_intestine","large_intestine",-2.54443765,1
"309",907792,"LS-123","large_intestine","large_intestine",-3.88667493,1
"310",907794,"LS-411N","large_intestine","large_intestine",-2.37465422,1
"311",907795,"LS-513","large_intestine","large_intestine",0.73560921,1
"312",907796,"LU-99A","lung_NSCLC","lung_NSCLC_large cell",-2.10706177,1
"313",908121,"MDA-MB-361","breast","breast",-1.0406443,1
"314",908122,"MDA-MB-453","breast","breast",0.9242431,1
"315",908123,"MDA-MB-468","breast","breast",-2.55378222,1
"316",908125,"MEL-JUSO","skin","melanoma",-4.12006051,0
"317",908127,"MES-SA","urogenital_system","uterus",-2.38288745,1
"318",908128,"Mewo","skin","melanoma",1.39595225,1
"319",908129,"MFE-280","urogenital_system","endometrium",0.86990233,1
"320",908130,"MFE-296","urogenital_system","endometrium",-2.60776693,1
"321",908131,"MG-63","bone","osteosarcoma",-3.47458114,1
"322",908135,"MHH-NB-11","neuroblastoma","neuroblastoma",-1.45296389,1
"323",908138,"MKN1","digestive_system","stomach",-4.14046808,0
"324",908139,"MKN28","digestive_system","stomach",-3.48951097,1
"325",908144,"MOG-G-CCM","nervous_system","glioma",-1.78779988,1
"326",908145,"MOG-G-UVW","nervous_system","glioma",-2.79545495,1
"327",908150,"MPP-89","lung","mesothelioma",-1.29989313,1
"328",908151,"MRK-nu-1","breast","breast",-3.12551632,1
"329",908152,"MSTO-211H","lung","mesothelioma",2.41911915,1
"330",908440,"NB69","neuroblastoma","neuroblastoma",-2.5094711,1
"331",908443,"NCI-H520","lung_NSCLC","lung_NSCLC_squamous_cell_carcinoma",-1.17849262,1
"332",908444,"NCI-SNU-1","digestive_system","stomach",-2.72522505,1
"333",908445,"NCI-SNU-5","digestive_system","stomach",-0.57888457,1
"334",908446,"NCI-SNU-16","digestive_system","stomach",1.68356135,1
"335",908447,"NH-12","neuroblastoma","neuroblastoma",-2.4823913,1
"336",908449,"NMC-G1","nervous_system","glioma",-2.85835017,1
"337",908450,"no-11","nervous_system","glioma",-0.90007339,1
"338",908452,"no-10","nervous_system","glioma",-1.76986551,1
"339",908454,"NTERA-2 cl.D1","urogenital_system","testis",-5.36468872,0
"340",908455,"NUGC-3","digestive_system","stomach",-3.0663816,1
"341",908457,"NCI-H747","large_intestine","large_intestine",-2.17309072,1
"342",908458,"NCI-H716","large_intestine","large_intestine",2.94840685,1
"343",908459,"NCI-H596","lung_NSCLC","lung_NSCLC_adenocarcinoma",-2.2472998,1
"344",908460,"NCI-H441","lung_NSCLC","lung_NSCLC_adenocarcinoma",-3.3523225,1
"345",908462,"NCI-H2452","lung","mesothelioma",0.42934503,1
"346",908463,"NCI-H1793","lung_NSCLC","lung_NSCLC_adenocarcinoma",-0.02199038,1
"347",908465,"NCI-H358","lung_NSCLC","lung_NSCLC_adenocarcinoma",-3.3120844,1
"348",908467,"NCI-H1155","lung_NSCLC","lung_NSCLC_large cell",-0.51932434,1
"349",908469,"NCI-H1436","lung_SCLC","lung_small_cell_carcinoma",1.01462264,1
"350",908470,"NCI-H28","lung","mesothelioma",0.68845374,1
"351",908471,"NCI-H1581","lung_NSCLC","lung_NSCLC_large cell",0.05015699,1
"352",908472,"NCI-H1573","lung_NSCLC","lung_NSCLC_adenocarcinoma",2.73494711,1
"353",908473,"NCI-H1666","lung_NSCLC","lung_NSCLC_adenocarcinoma",-0.02438853,1
"354",908474,"NCI-H1703","lung_NSCLC","lung_NSCLC_adenocarcinoma",-1.89963385,1
"355",908475,"NCI-H1755","lung_NSCLC","lung_NSCLC_adenocarcinoma",-0.30721808,1
"356",908476,"NCI-H1993","lung_NSCLC","lung_NSCLC_adenocarcinoma",0.53286517,1
"357",908481,"NCI-H2196","lung_SCLC","lung_small_cell_carcinoma",-1.32310715,1
"358",908483,"NCI-H524","lung_SCLC","lung_small_cell_carcinoma",1.89772962,1
"359",909194,"NCI-H748","lung_SCLC","lung_small_cell_carcinoma",-1.5305945,1
"360",909248,"ONS-76","nervous_system","medulloblastoma",-3.86368347,1
"361",909250,"OS-RC-2","kidney","kidney",-1.82967478,1
"362",909255,"PA-1","urogenital_system","ovary",-4.44291232,0
"363",909256,"OCUB-M","breast","breast",-4.5201361,0
"364",909263,"RCM-1","large_intestine","large_intestine",0.94095064,1
"365",909264,"RD","soft_tissue","rhabdomyosarcoma",-1.88093106,1
"366",909697,"RF-48","digestive_system","stomach",-3.46953862,1
"367",909698,"RKO","large_intestine","large_intestine",-3.66106158,1
"368",909699,"RMG-I","urogenital_system","ovary",-0.87031743,1
"369",909700,"RPMI-2650","aero_dig_tract","head and neck",-4.11342741,0
"370",909704,"RT-112","urogenital_system","Bladder",-3.79546701,1
"371",909706,"RVH-421","skin","melanoma",-1.74442734,1
"372",909707,"Saos-2","bone","osteosarcoma",-1.31552083,1
"373",909708,"SAS","aero_dig_tract","head and neck",-2.12746962,1
"374",909709,"SCC-9","aero_dig_tract","head and neck",0.00886327,1
"375",909711,"SCH","digestive_system","stomach",3.06275025,1
"376",909712,"SF126","nervous_system","glioma",-2.20442257,1
"377",909713,"SH-4","skin","melanoma",-2.33822173,1
"378",909716,"SJRH30","soft_tissue","rhabdomyosarcoma",-1.92171151,1
"379",909717,"SJSA-1","bone","bone_other",-2.20820513,1
"380",909718,"SK-CO-1","large_intestine","large_intestine",-1.89444574,1
"381",909719,"SK-HEP-1","digestive_system","liver",-3.62051339,1
"382",909720,"SK-LMS-1","soft_tissue","soft_tissue_other",-2.85988037,1
"383",909721,"SK-LU-1","lung_NSCLC","lung_NSCLC_adenocarcinoma",-4.02921009,0
"384",909723,"SK-MEL-1","skin","melanoma",0.98638245,1
"385",909724,"SK-MEL-3","skin","melanoma",-1.93541595,1
"386",909725,"SK-MEL-24","skin","melanoma",-0.22965528,1
"387",909726,"SK-MEL-30","skin","melanoma",-3.32812368,1
"388",909728,"SK-MES-1","lung_NSCLC","lung_NSCLC_squamous_cell_carcinoma",-3.37880076,1
"389",909731,"SK-PN-DW","bone","ewings_sarcoma",-3.53009277,1
"390",909732,"SK-UT-1","soft_tissue","soft_tissue_other",-4.08550068,0
"391",909735,"SNG-M","urogenital_system","endometrium",-4.06426142,0
"392",909736,"SNU-387","digestive_system","liver",-1.44432877,1
"393",909737,"SNU-423","digestive_system","liver",-2.58765154,1
"394",909738,"SNU-449","digestive_system","liver",-0.4099882,1
"395",909739,"SNU-475","digestive_system","liver",0.41276557,1
"396",909740,"SNU-C2B","large_intestine","large_intestine",-0.7070955,1
"397",909744,"SW13","kidney","adrenal_gland",-1.98089278,1
"398",909745,"SW1088","nervous_system","glioma",-0.06452936,1
"399",909747,"SW1417","large_intestine","large_intestine",-1.09362704,1
"400",909748,"SW1463","large_intestine","large_intestine",0.75277249,1
"401",909749,"SW1710","urogenital_system","Bladder",-4.00404403,0
"402",909750,"SW1783","nervous_system","glioma",-2.27637337,1
"403",909751,"SW48","large_intestine","large_intestine",-2.65705949,1
"404",909753,"SW626","urogenital_system","ovary",-2.1065241,1
"405",909754,"SW684","soft_tissue","fibrosarcoma",3.39741338,1
"406",909755,"SW837","large_intestine","large_intestine",-2.23047986,1
"407",909756,"SW872","soft_tissue","soft_tissue_other",-2.03798873,1
"408",909757,"SW948","large_intestine","large_intestine",2.78903583,1
"409",909758,"SW962","urogenital_system","urogenital_system_other",-2.91788179,1
"410",909759,"SW982","soft_tissue","soft_tissue_other",-4.96481489,0
"411",909761,"T84","large_intestine","large_intestine",-2.85662184,1
"412",909769,"TGBC1TKB","digestive_system","biliary_tract",-0.05954658,1
"413",909770,"TGBC11TKB","digestive_system","stomach",0.72449808,1
"414",909774,"TYK-nu","urogenital_system","ovary",-0.41540469,1
"415",909776,"U-2-OS","bone","osteosarcoma",1.46000602,1
"416",909778,"UACC-893","breast","breast",-0.37439048,1
"417",909779,"UMC-11","lung_NSCLC","lung_NSCLC_carcinoid",-0.8763126,1
"418",909780,"VM-CUB-1","urogenital_system","Bladder",-2.44306888,1
"419",909781,"VMRC-RCZ","kidney","kidney",-2.81400914,1
"420",909784,"WM-115","skin","melanoma",2.87920154,1
"421",909904,"YAPC","pancreas","pancreas",1.09649534,1
"422",909974,"RCC10RGB","kidney","kidney",3.21682154,1
"423",909975,"KURAMOCHI","urogenital_system","ovary",-2.26188017,1
"424",909977,"HuO-3N1","bone","osteosarcoma",0.17775459,1
"425",910079,"OE19","aero_dig_tract","oesophagus",-2.29990546,1
"426",910399,"NCI-H838","lung_NSCLC","lung_NSCLC_adenocarcinoma",-1.08337479,1
"427",910546,"PSN1","pancreas","pancreas",-4.22722066,0
"428",910548,"OAW-42","urogenital_system","ovary",-1.95786919,1
"429",910549,"OE33","aero_dig_tract","oesophagus",-0.87855195,1
"430",910554,"CW-2","large_intestine","large_intestine",3.08484794,1
"431",910567,"CHP-126","neuroblastoma","neuroblastoma",-2.68788555,1
"432",910568,"CGTH-W-1","thyroid","thyroid",-2.70989242,1
"433",910569,"COLO-320-HSR","large_intestine","large_intestine",-0.729197,1
"434",910689,"COLO-678","large_intestine","large_intestine",-0.64484609,1
"435",910691,"COLO-684","urogenital_system","endometrium",-1.4005001,1
"436",910692,"COLO-668","lung_SCLC","lung_small_cell_carcinoma",-2.38771624,1
"437",910694,"LN-405","nervous_system","glioma",0.51864299,1
"438",910695,"TGBC24TKB","digestive_system","biliary_tract",-0.037707,1
"439",910697,"A388","skin","skin_other",-3.4559375,1
"440",910698,"BFTC-909","kidney","kidney",-2.25355069,1
"441",910700,"C2BBe1","large_intestine","large_intestine",-0.41275825,1
"442",910701,"SCC-25","aero_dig_tract","head and neck",-1.89814399,1
"443",910702,"AsPC-1","pancreas","pancreas",0.613134,1
"444",910704,"AU565","breast","breast",-2.01439876,1
"445",910779,"IA-LM","lung_NSCLC","lung_NSCLC_large cell",-2.82056066,1
"446",910780,"TGW","neuroblastoma","neuroblastoma",-0.02942587,1
"447",910781,"AN3-CA","urogenital_system","endometrium",-2.88839431,1
"448",910784,"A204","soft_tissue","rhabdomyosarcoma",-4.34454385,0
"449",910849,"NY","bone","osteosarcoma",-1.3341477,1
"450",910850,"C3A","digestive_system","liver",-0.77503484,1
"451",910851,"A427","lung_NSCLC","lung_NSCLC_not specified",-4.18651537,0
"452",910852,"CAL-85-1","breast","breast",-3.4607293,1
"453",910853,"CHL-1","skin","melanoma",-3.44809802,1
"454",910900,"NCI-H1651","lung_NSCLC","lung_NSCLC_adenocarcinoma",-3.86751198,1
"455",910903,"RPMI-7951","skin","melanoma",-2.01753398,1
"456",910904,"SCC-4","aero_dig_tract","head and neck",-1.74820822,1
"457",910905,"SNU-C1","large_intestine","large_intestine",2.48515263,1
"458",910907,"SW1990","pancreas","pancreas",-1.44328636,1
"459",910910,"UACC-812","breast","breast",1.24917166,1
"460",910911,"SCC-15","aero_dig_tract","head and neck",-1.60024549,1
"461",910915,"Capan-2","pancreas","pancreas",-0.01625918,1
"462",910916,"CAL-27","aero_dig_tract","head and neck",-3.88973364,1
"463",910920,"A704","kidney","kidney",-0.03554818,1
"464",910921,"A101D","skin","melanoma",-3.05015419,1
"465",910922,"769-P","kidney","kidney",-3.82399165,1
"466",910924,"23132-87","digestive_system","stomach",-3.93211935,1
"467",910925,"A431","skin","skin_other",-3.75806662,1
"468",910926,"BFTC-905","urogenital_system","Bladder",-4.19148997,0
"469",910927,"CAL-51","breast","breast",-3.85895722,1
"470",910931,"RERF-LC-MS","lung_NSCLC","lung_NSCLC_adenocarcinoma",-0.802941,1
"471",910932,"GAK","skin","melanoma",-1.36674511,1
"472",910933,"AM-38","nervous_system","glioma",-1.03612742,1
"473",910936,"DOK","aero_dig_tract","head and neck",0.25948669,1
"474",910937,"COR-L279","lung_SCLC","lung_small_cell_carcinoma",-2.80946667,1
"475",910942,"NEC8","urogenital_system","testis",-3.31675105,1
"476",910943,"CAS-1","nervous_system","glioma",-1.40869964,1
"477",910948,"MFM-223","breast","breast",2.67766252,1
"478",910952,"CAL-54","kidney","kidney",-1.16139091,1
"479",911905,"EFO-21","urogenital_system","ovary",-0.92456345,1
"480",917486,"LS-1034","large_intestine","large_intestine",-1.40283224,1
"481",924100,"22RV1","urogenital_system","prostate",-3.52565785,1
"482",924102,"8505C","thyroid","thyroid",-3.8302043,1
"483",924104,"BCPAP","thyroid","thyroid",-3.0801079,1
"484",924105,"BPH-1","urogenital_system","prostate",-3.53135888,1
"485",924106,"CAL-148","breast","breast",-3.66393258,1
"486",924107,"CAL-39","urogenital_system","cervix",-2.23414921,1
"487",924108,"CaR-1","large_intestine","large_intestine",1.23585339,1
"488",924111,"HO-1-N-1","aero_dig_tract","head and neck",-1.71940835,1
"489",924151,"HTC-C3","thyroid","thyroid",-0.88287372,1
"490",924186,"KGN","urogenital_system","ovary",-5.08160969,0
"491",924187,"KLE","urogenital_system","endometrium",-1.53586386,1
"492",924188,"KNS-81-FD","nervous_system","glioma",-1.81031521,1
"493",924238,"K5","thyroid","thyroid",-2.3919279,1
"494",924240,"MDA-MB-415","breast","breast",1.46733898,1
"495",924244,"NCI-H1975","lung_NSCLC","lung_NSCLC_adenocarcinoma",-2.77809278,1
"496",924247,"SW954","urogenital_system","urogenital_system_other",-4.09643081,0
"497",924248,"TE-441-T","soft_tissue","rhabdomyosarcoma",-2.39987708,1
"498",925338,"MDA-MB-157","breast","breast",-0.56807605,1
"499",925339,"MMAC-SF","skin","melanoma",-2.16997593,1
"500",925340,"MKN45","digestive_system","stomach",-3.01281468,1
"501",925341,"NCI-H810","lung_NSCLC","lung_NSCLC_large cell",-4.01831854,0
"502",925343,"MFH-ino","soft_tissue","soft_tissue_other",-5.26556146,0
"503",925345,"NOS-1","bone","osteosarcoma",-2.47022622,1
"504",925346,"PANC-03-27","pancreas","pancreas",-3.64499565,1
"505",925347,"PANC-08-13","pancreas","pancreas",-0.00374634,1
"506",925348,"PANC-10-05","pancreas","pancreas",-2.45459103,1
"507",930083,"RO82-W-1","thyroid","thyroid",0.05984436,1
"508",930297,"SiHa","urogenital_system","cervix",2.19703575,1
"509",930298,"SKG-IIIa","urogenital_system","cervix",-1.10467575,1
"510",930299,"TT","thyroid","thyroid",2.32262477,1
"511",946353,"TE-9","aero_dig_tract","oesophagus",-1.72653184,1
"512",946354,"TE-11","aero_dig_tract","oesophagus",-1.47058214,1
"513",946355,"TE-6","aero_dig_tract","oesophagus",-0.59414024,1
"514",946356,"TE-12","aero_dig_tract","oesophagus",-2.74703087,1
"515",946359,"BT-474","breast","breast",-0.35397094,1
"516",946360,"OAW-28","urogenital_system","ovary",-1.55559621,1
"517",946361,"LCLC-97TM1","lung_NSCLC","lung_NSCLC_large cell",-4.51400859,0
"518",946368,"D-263MG","nervous_system","glioma",-1.29032967,1
"519",946370,"D-392MG","nervous_system","glioma",-1.72684193,1
"520",946373,"D-502MG","nervous_system","glioma",0.91751484,1
"521",946382,"CAMA-1","breast","breast",-1.88605339,1
"522",949090,"Caov-4","urogenital_system","ovary",-1.32400085,1
"523",949093,"BT-483","breast","breast",2.15990898,1
"524",949094,"M059J","nervous_system","glioma",-3.28017599,1
"525",949155,"ES8","bone","ewings_sarcoma",-3.65619008,1
"526",949156,"ES4","bone","ewings_sarcoma",-4.9315703,0
"527",949157,"ES6","bone","ewings_sarcoma",-1.64214449,1
"528",949158,"ES1","bone","ewings_sarcoma",-4.217294,0
"529",949160,"EW-7","bone","ewings_sarcoma",-3.41477275,1
"530",949161,"EW-3","bone","ewings_sarcoma",-0.97320229,1
"531",949163,"EW-1","bone","ewings_sarcoma",-2.73845367,1
"532",949164,"EW-18","bone","ewings_sarcoma",-1.22777883,1
"533",949165,"EW-16","bone","ewings_sarcoma",-5.41795938,0
"534",949166,"EW-13","bone","ewings_sarcoma",-4.44638886,0
"535",949168,"EW-24","bone","ewings_sarcoma",-0.05556415,1
"536",949170,"LAN-6","neuroblastoma","neuroblastoma",-1.41096292,1
"537",949171,"NB10","neuroblastoma","neuroblastoma",-1.76037379,1
"538",949172,"NB12","neuroblastoma","neuroblastoma",-1.23122919,1
"539",949173,"NB6","neuroblastoma","neuroblastoma",0.03836308,1
"540",949174,"NB7","neuroblastoma","neuroblastoma",-1.63484429,1
"541",949176,"NB5","neuroblastoma","neuroblastoma",-1.01632217,1
"542",949177,"NB13","neuroblastoma","neuroblastoma",-2.2717492,1
"543",949178,"NB14","neuroblastoma","neuroblastoma",-1.42104834,1
"544",949179,"NB1","neuroblastoma","neuroblastoma",-3.00383212,1
"545",971773,"RH-1","soft_tissue","rhabdomyosarcoma",-4.29698251,0
"546",971777,"MZ2-MEL","skin","melanoma",-3.51192688,1
"547",998189,"LS-180","large_intestine","large_intestine",-3.55360097,1
"548",1240121,"BICR22","aero_dig_tract","head and neck",-0.41674317,1
"549",1240122,"BICR78","aero_dig_tract","head and neck",-1.49297736,1
"550",1240123,"CCK-81","large_intestine","large_intestine",0.5584514,1
"551",1240125,"COLO-783","skin","melanoma",0.89678281,1
"552",1240127,"EN","urogenital_system","endometrium",-1.87484547,1
"553",1240128,"ES-2","urogenital_system","ovary",-0.52113457,1
"554",1240129,"FU-OV-1","urogenital_system","ovary",0.11338111,1
"555",1240130,"G-MEL","skin","melanoma",-3.06023409,1
"556",1240131,"H2591","lung","mesothelioma",-1.23567928,1
"557",1240132,"H2595","lung","mesothelioma",-2.41264064,1
"558",1240134,"H2731","lung","mesothelioma",0.75183384,1
"559",1240135,"H2803","lung","mesothelioma",-0.14733699,1
"560",1240136,"H2804","lung","mesothelioma",-2.9968976,1
"561",1240138,"H2869","lung","mesothelioma",-1.22138976,1
"562",1240139,"H290","lung","mesothelioma",-1.97931735,1
"563",1240140,"H3118","aero_dig_tract","head and neck",-3.67856793,1
"564",1240141,"H513","lung","mesothelioma",-0.79929786,1
"565",1240142,"HARA","lung_NSCLC","lung_NSCLC_squamous_cell_carcinoma",-1.86352964,1
"566",1240143,"HCC-15","lung_NSCLC","lung_NSCLC_squamous_cell_carcinoma",-1.10455884,1
"567",1240145,"HCC-44","lung_NSCLC","lung_NSCLC_adenocarcinoma",-3.15890729,1
"568",1240146,"HCC-827","lung_NSCLC","lung_NSCLC_adenocarcinoma",-0.11487204,1
"569",1240147,"Hep 3B2_1-7","digestive_system","liver",-3.31004948,1
"570",1240149,"Hs633T","soft_tissue","fibrosarcoma",-3.8459452,1
"571",1240150,"Hs683","nervous_system","glioma",-2.0095939,1
"572",1240153,"IGR-37","skin","melanoma",-2.88049834,1
"573",1240154,"IHH-4","thyroid","thyroid",-4.64393565,0
"574",1240155,"IM-95","digestive_system","stomach",-2.94605382,1
"575",1240157,"JHH-2","digestive_system","liver",-0.53689123,1
"576",1240158,"JHH-4","digestive_system","liver",-1.15917521,1
"577",1240159,"JHH-6","digestive_system","liver",-1.3616206,1
"578",1240160,"JHH-7","digestive_system","liver",-3.3279326,1
"579",1240161,"JHU-011","aero_dig_tract","head and neck",-4.39155322,0
"580",1240162,"JHU-022","aero_dig_tract","head and neck",-0.51871431,1
"581",1240166,"KYM-1","soft_tissue","rhabdomyosarcoma",-2.10837683,1
"582",1240167,"KYSE-220","aero_dig_tract","oesophagus",-2.43120798,1
"583",1240168,"LN-18","nervous_system","glioma",-2.17305903,1
"584",1240169,"LN-229","nervous_system","glioma",-1.52590899,1
"585",1240170,"LNZTA3WT4","nervous_system","glioma",-1.15624125,1
"586",1240172,"MDA-MB-436","breast","breast",0.4471007,1
"587",1240173,"MDST8","large_intestine","large_intestine",-1.24806796,1
"588",1240174,"MFE-319","urogenital_system","endometrium",-2.64747344,1
"589",1240178,"ML-1","thyroid","thyroid",-2.98402162,1
"590",1240179,"MS751","urogenital_system","cervix",-0.99207722,1
"591",1240181,"NB(TU)1-10","neuroblastoma","neuroblastoma",-1.72107414,1
"592",1240182,"NCI-H1836","lung_SCLC","lung_small_cell_carcinoma",0.50987221,1
"593",1240183,"NCI-H1869","lung_NSCLC","lung_NSCLC_squamous_cell_carcinoma",0.61385089,1
"594",1240184,"NCI-H1915","lung_NSCLC","lung_NSCLC_large cell",-0.02971128,1
"595",1240185,"NCI-H1944","lung_NSCLC","lung_NSCLC_adenocarcinoma",-2.24746882,1
"596",1240186,"NCI-H196","lung_SCLC","lung_small_cell_carcinoma",0.01508521,1
"597",1240187,"NCI-H2023","lung_NSCLC","lung_NSCLC_adenocarcinoma",-1.03689085,1
"598",1240189,"NCI-H211","lung_SCLC","lung_small_cell_carcinoma",-3.07275785,1
"599",1240190,"NCI-H3122","lung_NSCLC","lung_NSCLC_adenocarcinoma",-3.38018911,1
"600",1240191,"NCI-H647","lung_NSCLC","lung_NSCLC_not specified",-1.87062342,1
"601",1240192,"NCI-H841","lung_SCLC","lung_small_cell_carcinoma",-0.04570887,1
"602",1240193,"NCI-H847","lung_SCLC","lung_small_cell_carcinoma",-2.16286463,1
"603",1240196,"OSC-20","aero_dig_tract","head and neck",-3.29383248,1
"604",1240197,"OV-90","urogenital_system","ovary",-1.69594225,1
"605",1240198,"OVISE","urogenital_system","ovary",-1.72528882,1
"606",1240199,"OVKATE","urogenital_system","ovary",1.72201068,1
"607",1240200,"OVMIU","urogenital_system","ovary",-1.89676739,1
"608",1240201,"PA-TU-8988T","pancreas","pancreas",-2.86723647,1
"609",1240202,"PC-3 [JPC-3]","lung_NSCLC","lung_NSCLC_adenocarcinoma",-0.66119758,1
"610",1240204,"PCI-15A","aero_dig_tract","head and neck",-1.8241451,1
"611",1240205,"PCI-38","aero_dig_tract","head and neck",-0.45805584,1
"612",1240206,"PCI-6A","aero_dig_tract","head and neck",-3.71703165,1
"613",1240207,"PE/CA-PJ15","aero_dig_tract","head and neck",-1.50625938,1
"614",1240208,"PL18","pancreas","pancreas",-3.18517397,1
"615",1240209,"RERF-GC-1B","digestive_system","stomach",-2.0980955,1
"616",1240210,"RH-41","soft_tissue","rhabdomyosarcoma",-1.29739518,1
"617",1240212,"SISO","urogenital_system","cervix",-2.66818034,1
"618",1240215,"SKN","urogenital_system","uterus",-2.02370016,1
"619",1240216,"SNU-182","digestive_system","liver",-2.69587562,1
"620",1240217,"SNU-398","digestive_system","liver",-2.17458889,1
"621",1240218,"SU8686","pancreas","pancreas",-1.25903611,1
"622",1240219,"SUIT-2","pancreas","pancreas",-2.63193801,1
"623",1240220,"SW156","kidney","kidney",-0.83645728,1
"624",1240221,"TC-71","bone","ewings_sarcoma",-0.05391784,1
"625",1240222,"TOV-21G","urogenital_system","ovary",-0.63087049,1
"626",1240223,"TT2609-C02","thyroid","thyroid",-3.74181262,1
"627",1240226,"WM278","skin","melanoma",-1.40185252,1
"628",1247873,"H3255","lung_NSCLC","lung_NSCLC_adenocarcinoma",-2.31775768,1
"629",1287381,"201T","lung_NSCLC","lung_NSCLC_adenocarcinoma",-3.78552248,1
"630",1287706,"451Lu","skin","melanoma",-2.03363202,1
"631",1290722,"ASH-3","thyroid","thyroid",-3.41798143,1
"632",1290724,"BICR10","aero_dig_tract","head and neck",1.07952512,1
"633",1290725,"BICR31","aero_dig_tract","head and neck",-3.01632935,1
"634",1290730,"CAL-29","urogenital_system","Bladder",-2.18815969,1
"635",1290765,"CAL-78","bone","chondrosarcoma",0.6020273,1
"636",1290767,"CHSA0011","bone","chondrosarcoma",0.20135307,1
"637",1290768,"CHSA0108","bone","chondrosarcoma",-0.43634005,1
"638",1290769,"CL-11","large_intestine","large_intestine",3.14474796,1
"639",1290795,"CS1","bone","bone_other",-1.22698556,1
"640",1290797,"DAN-G","pancreas","pancreas",1.3196243,1
"641",1290798,"EFM-192A","breast","breast",-3.3653367,1
"642",1290806,"FU97","digestive_system","stomach",-2.18453465,1
"643",1290807,"G-292 Clone A141B1","bone","osteosarcoma",0.92609526,1
"644",1290808,"H2369","lung","mesothelioma",-2.80486775,1
"645",1290809,"H2373","lung","mesothelioma",-1.06969576,1
"646",1290810,"H2461","lung","mesothelioma",-1.01306503,1
"647",1290812,"H2722","lung","mesothelioma",-2.25503328,1
"648",1290813,"H2795","lung","mesothelioma",-0.52975097,1
"649",1290814,"H2818","lung","mesothelioma",-0.11641913,1
"650",1290905,"HCC1428","breast","breast",-0.01839096,1
"651",1290906,"HCC202","breast","breast",-0.35876835,1
"652",1290907,"HCC-56","large_intestine","large_intestine",-1.60796411,1
"653",1290908,"HCC-78","lung_NSCLC","lung_NSCLC_adenocarcinoma",-1.44996806,1
"654",1290922,"HDQ-P1","breast","breast",-0.92407986,1
"655",1297439,"COR-L95","lung_SCLC","lung_small_cell_carcinoma",-0.81062942,1
"656",1298134,"HeLa","urogenital_system","cervix",-1.94784003,1
"657",1298136,"HPAC","pancreas","pancreas",-2.74197767,1
"658",1298141,"Hs766T","pancreas","pancreas",2.08880672,1
"659",1298145,"Hs940-T","skin","melanoma",-2.42640015,1
"660",1298146,"huH-1","digestive_system","liver",0.87070689,1
"661",1298151,"JHH-1","digestive_system","liver",-1.89317981,1
"662",1298156,"JHU-029","aero_dig_tract","head and neck",-4.31609213,0
"663",1298157,"JIMT-1","breast","breast",-1.5507241,1
"664",1298160,"K2","skin","melanoma",-1.25540234,1
"665",1298168,"KMRC-1","kidney","kidney",-0.09483754,1
"666",1298169,"KMRC-20","kidney","kidney",0.01424778,1
"667",1298215,"KON","aero_dig_tract","head and neck",-3.31928739,1
"668",1298216,"KP-1N","pancreas","pancreas",-2.35848803,1
"669",1298218,"KP-2","pancreas","pancreas",-2.0457987,1
"670",1298219,"KP-3","pancreas","pancreas",-1.26105218,1
"671",1298222,"KYSE-50","aero_dig_tract","oesophagus",-2.43174854,1
"672",1298223,"LC-1-sq","lung_NSCLC","lung_NSCLC_squamous_cell_carcinoma",-1.81962297,1
"673",1298226,"LOU-NH91","lung_NSCLC","lung_NSCLC_squamous_cell_carcinoma",0.95108895,1
"674",1298347,"NCI-H1435","lung_NSCLC","lung_NSCLC_adenocarcinoma",-0.69381202,1
"675",1298348,"NCI-H1568","lung_NSCLC","lung_NSCLC_adenocarcinoma",-2.49278684,1
"676",1298349,"NCI-H1688","lung_SCLC","lung_small_cell_carcinoma",-0.69466462,1
"677",1298350,"NCI-H1781","lung_NSCLC","lung_NSCLC_adenocarcinoma",-3.1697773,1
"678",1298351,"NCI-H2110","lung_NSCLC","lung_NSCLC_not specified",-4.84188932,0
"679",1298352,"NCI-H2135","lung_NSCLC","lung_NSCLC_not specified",-1.59043252,1
"680",1298353,"NCI-H2172","lung_NSCLC","lung_NSCLC_not specified",-0.86323245,1
"681",1298356,"NCI-H2444","lung_NSCLC","lung_NSCLC_not specified",2.51009414,1
"682",1298357,"NUGC-4","digestive_system","stomach",-2.01531583,1
"683",1298358,"OCUM-1","digestive_system","stomach",-2.20869444,1
"684",1298359,"OE21","aero_dig_tract","oesophagus",-1.35053054,1
"685",1298362,"OSC-19","aero_dig_tract","head and neck",-3.07839846,1
"686",1298365,"OVTOKO","urogenital_system","ovary",-1.19231921,1
"687",1298475,"PANC-02-03","pancreas","pancreas",-0.95358126,1
"688",1298476,"PANC-04-03","pancreas","pancreas",-0.18611943,1
"689",1298526,"PA-TU-8902","pancreas","pancreas",-1.31037913,1
"690",1298529,"PCI-30","aero_dig_tract","head and neck",0.80742903,1
"691",1298531,"PCI-4B","aero_dig_tract","head and neck",-3.48886449,1
"692",1298533,"PL4","pancreas","pancreas",-1.09574122,1
"693",1298537,"RERF-LC-KJ","lung_NSCLC","lung_NSCLC_adenocarcinoma",-2.35042408,1
"694",1298538,"RERF-LC-Sq1","lung_NSCLC","lung_NSCLC_squamous_cell_carcinoma",1.26807607,1
"695",1298539,"RKN","urogenital_system","ovary",-0.88063314,1
"696",1299050,"SAT","aero_dig_tract","head and neck",0.81202098,1
"697",1299052,"SCC90","aero_dig_tract","head and neck",-0.92143828,1
"698",1299059,"SKN-3","aero_dig_tract","head and neck",1.51339108,1
"699",1299061,"STS-0421","soft_tissue","soft_tissue_other",-3.38710103,1
"700",1299062,"SW1271","lung_SCLC","lung_small_cell_carcinoma",-2.80464865,1
"701",1299064,"T-T","aero_dig_tract","oesophagus",-1.91637395,1
"702",1299070,"TOV-112D","urogenital_system","ovary",-4.29396329,0
"703",1299075,"VCaP","urogenital_system","prostate",-1.55706024,1
"704",1299078,"WM1552C","skin","melanoma",-2.84313849,1
"705",1299080,"WM35","skin","melanoma",-1.96655629,1
"706",1299081,"WM793B","skin","melanoma",-4.34211473,0
"707",1303900,"HCC1500","breast","breast",-1.16334226,1
"708",1303912,"CHSA8926","bone","chondrosarcoma",-0.6002267,1
"709",1322224,"HSC-39","digestive_system","stomach",2.02073387,1
"710",1330941,"MDA-MB-330","breast","breast",-0.95915738,1
"711",1330972,"NCI-H1876","lung_SCLC","lung_small_cell_carcinoma",-1.95869087,1
